-- phpMyAdmin SQL Dump
-- version 4.9.2
-- https://www.phpmyadmin.net/
--
-- Hôte : 127.0.0.1:3306
-- Généré le :  mar. 06 oct. 2020 à 12:48
-- Version du serveur :  8.0.18
-- Version de PHP :  7.3.12

SET SQL_MODE = "NO_AUTO_VALUE_ON_ZERO";
SET AUTOCOMMIT = 0;
START TRANSACTION;
SET time_zone = "+00:00";


/*!40101 SET @OLD_CHARACTER_SET_CLIENT=@@CHARACTER_SET_CLIENT */;
/*!40101 SET @OLD_CHARACTER_SET_RESULTS=@@CHARACTER_SET_RESULTS */;
/*!40101 SET @OLD_COLLATION_CONNECTION=@@COLLATION_CONNECTION */;
/*!40101 SET NAMES utf8mb4 */;

--
-- Base de données :  `netican`
--

-- --------------------------------------------------------

--
-- Structure de la table `besoin`
--

DROP TABLE IF EXISTS `besoin`;
CREATE TABLE IF NOT EXISTS `besoin` (
  `IDPRODUITACHETE` int(5) NOT NULL,
  `IDPLAT` int(5) NOT NULL,
  `DATEMENU` date NOT NULL,
  `QUANTITE` decimal(10,2) DEFAULT NULL,
  PRIMARY KEY (`IDPRODUITACHETE`,`IDPLAT`,`DATEMENU`),
  KEY `I_FK_BESOIN_PRODUITSACHETES` (`IDPRODUITACHETE`),
  KEY `I_FK_BESOIN_PLATS` (`IDPLAT`),
  KEY `I_FK_BESOIN_MENUS` (`DATEMENU`)
) ENGINE=InnoDB;

-- --------------------------------------------------------

--
-- Structure de la table `categoriesingredients`
--

DROP TABLE IF EXISTS `categoriesingredients`;
CREATE TABLE IF NOT EXISTS `categoriesingredients` (
  `IDCATEGORIEINGREDIENT` int(5) NOT NULL AUTO_INCREMENT,
  `NOMCATEGORIEINGREDIENT` char(100) NOT NULL,
  PRIMARY KEY (`IDCATEGORIEINGREDIENT`)
) ENGINE=InnoDB;

--
-- Déchargement des données de la table `categoriesingredients`
--

INSERT INTO `categoriesingredients` (`IDCATEGORIEINGREDIENT`, `NOMCATEGORIEINGREDIENT`) VALUES
(1, 'Entrées et Plats composés'),
(2, 'Fruits, Légumes, Légumineuses, et Oléagineux'),
(3, 'Produits céréaliers'),
(4, 'Viandes, Oeufs, Poissons'),
(5, 'Lait et Produits laitiers'),
(6, 'Boissons'),
(7, 'Produits sucrés'),
(8, 'Glaces et Sorbets'),
(9, 'Matières grasses'),
(10, 'Aides culinaires et Ingrédients divers');

-- --------------------------------------------------------

--
-- Structure de la table `categoriesplats`
--

DROP TABLE IF EXISTS `categoriesplats`;
CREATE TABLE IF NOT EXISTS `categoriesplats` (
  `IDCATEGORIEPLAT` int(5) NOT NULL AUTO_INCREMENT,
  `NOMCATEGORIEPLAT` char(100) NOT NULL,
  PRIMARY KEY (`IDCATEGORIEPLAT`)
) ENGINE=InnoDB;

-- --------------------------------------------------------

--
-- Structure de la table `categoriestickets`
--

DROP TABLE IF EXISTS `categoriestickets`;
CREATE TABLE IF NOT EXISTS `categoriestickets` (
  `IDCATEGORIETICKET` int(5) NOT NULL AUTO_INCREMENT,
  `NOMCATEGORIETICKET` char(50) NOT NULL,
  PRIMARY KEY (`IDCATEGORIETICKET`)
) ENGINE=InnoDB;

-- --------------------------------------------------------

--
-- Structure de la table `commerces`
--

DROP TABLE IF EXISTS `commerces`;
CREATE TABLE IF NOT EXISTS `commerces` (
  `IDCOMMERCE` int(5) NOT NULL AUTO_INCREMENT,
  `NOMCOMMERCE` char(50) NOT NULL,
  PRIMARY KEY (`IDCOMMERCE`)
) ENGINE=InnoDB;

-- --------------------------------------------------------

--
-- Structure de la table `contient`
--

DROP TABLE IF EXISTS `contient`;
CREATE TABLE IF NOT EXISTS `contient` (
  `DATEMENU` date NOT NULL,
  `IDPLAT` int(5) NOT NULL,
  PRIMARY KEY (`DATEMENU`,`IDPLAT`),
  KEY `I_FK_CONTIENT_MENUS` (`DATEMENU`),
  KEY `I_FK_CONTIENT_PLATS` (`IDPLAT`)
) ENGINE=InnoDB;

-- --------------------------------------------------------

--
-- Structure de la table `ingredients`
--

DROP TABLE IF EXISTS `ingredients`;
CREATE TABLE IF NOT EXISTS `ingredients` (
  `IDINGREDIENT` int(5) NOT NULL AUTO_INCREMENT,
  `IDSOUSCATEGORIEINGREDIENT` int(5) NOT NULL,
  `NOMINGREDIENT` char(255) NOT NULL,
  PRIMARY KEY (`IDINGREDIENT`),
  KEY `I_FK_INGREDIENTS_SOUSCATEGORIESINGREDIENTS` (`IDSOUSCATEGORIEINGREDIENT`)
) ENGINE=InnoDB;

--
-- Déchargement des données de la table `ingredients`
--

INSERT INTO `ingredients` (`IDINGREDIENT`, `IDSOUSCATEGORIEINGREDIENT`, `NOMINGREDIENT`) VALUES
(1, 1, 'Céleri rémoulade, préemballé'),
(2, 1, 'Salade de thon et légumes, appertisée, égouttée'),
(3, 1, 'Salade composée avec viande ou poisson, appertisée, égouttée'),
(4, 1, 'Champignon à la grecque'),
(5, 1, 'Salade de pommes de terre maison'),
(6, 1, 'Taboulé ou Salade de couscous, préemballé'),
(7, 1, 'Salade de pomme de terre à la piémontaise, préemballée'),
(8, 1, 'Salade de riz'),
(9, 1, 'Salade de pâtes, végétarienne'),
(10, 1, 'Crudité, sans assaisonnement (aliment moyen)'),
(11, 1, 'Salade de pâtes aux légumes, avec poisson ou viande'),
(12, 1, 'Salade César au poulet (salade verte, fromage, croûtos, sauce)'),
(13, 1, 'Salade de chou ou Coleslaw, avec sauce, préemballée'),
(14, 1, 'Taboulé ou Salade de couscous au poulet, préemballé'),
(15, 2, 'Soupe aux lentilles, préemballée à réchauffer'),
(16, 2, 'Soupe à la volaille et aux légumes, préemballée à réchauffer'),
(17, 2, 'Soupe aux légumes variés, préemballée à réchauffer'),
(18, 2, 'Soupe de poissons et / ou crustacés, préemballée à réchauffer'),
(19, 2, 'Soupe aux légumes variés, déshydratée reconstituée'),
(20, 2, 'Soupe aux poireaux et pommes de terre, préemballée à réchauffer'),
(21, 2, 'Soupe à la volaille et aux vermicelles, préemballée à réchauffer'),
(22, 2, 'Bouillon de viande et légumes type pot-au-feu, prêt à consommer'),
(23, 2, 'Soupe à l\'oignon, préemballée à réchauffer'),
(24, 2, 'Soupe aux champignons, préemballée à réchauffer'),
(25, 2, 'Soupe à la carotte, préemballée à réchauffer'),
(26, 2, 'Soupe à la tomate, préemballée à réchauffer'),
(27, 2, 'Soupe chorba frik, à base de viande et de frik'),
(28, 2, 'Soupe minestrone, préemballée à réchauffer'),
(29, 2, 'Soupe au pistou, déshydratée reconstituée'),
(30, 2, 'Soupe de poissons et / ou crustacés, déshydratée reconstituée'),
(31, 2, 'Soupe asiatique, avec pâtes, déshydratée reconstituée'),
(32, 2, 'Soupe marocaine, déshydratée reconstituée'),
(33, 2, 'Soupe aux poireaux et pommes de terre, déshydratée reconstituée'),
(34, 2, 'Soupe à la volaille et aux légumes, déshydratée reconstituée'),
(35, 2, 'Bouillon de boeuf, déshydraté reconstitué'),
(36, 2, 'Soupe aux asperges, déshydratée reconstituée'),
(37, 2, 'Soupe à la tomate et aux vermicelles, préemballée à réchauffer'),
(38, 2, 'Soupe aux céréales et aux légumes, déshydratée reconstituée'),
(39, 2, 'Soupe à la tomate, déshydratée reconstituée'),
(40, 2, 'Soupe aux champignons, déshydratée reconstituée'),
(41, 2, 'Soupe à l\'oignon, déshydratée reconstituée'),
(42, 2, 'Soupe au potiron, préemballée à réchauffer'),
(43, 2, 'Bouillon de volaille, déshydraté reconstitué'),
(44, 2, 'Bouillon de légumes, déshydraté reconstitué'),
(45, 2, 'Soupe à la tomate et aux vermicelles, déshydratée reconstituée'),
(46, 2, 'Soupe à la volaille et aux vermicelles, déshydratée reconstituée'),
(47, 2, 'Soupe au pistou, préemballée à réchauffer'),
(48, 2, 'Soupe au potiron, déshydratée reconstituée'),
(49, 2, 'Soupe asiatique, avec pâtes, préemballée à réchauffer'),
(50, 2, 'Soupe minestrone, déshydratée reconstituée'),
(51, 2, 'Soupe au cresson, déshydratée reconstituée'),
(52, 2, 'Soupe au cresson, préemballée à réchauffer'),
(53, 2, 'Soupe aux légumes avec fromage, préemballée à réchauffer'),
(54, 2, 'Soupe aux légumes verts, préemballée à réchauffer'),
(55, 2, 'Soupe aux légumes verts, déshydratée reconstituée'),
(56, 2, 'Soupe aux pois cassés, préemballée à réchauffer'),
(57, 2, 'Soupe froide type Gaspacho ou Gazpacho'),
(58, 2, 'Soupe aux asperges, préemballée à réchauffer'),
(59, 2, 'Soupe (aliment moyen)'),
(60, 2, 'Soupe miso'),
(61, 3, 'Tripes à la mode de Caen'),
(62, 3, 'Tripes à la mode de Caen, préemballées'),
(63, 3, 'Tripes à la tomate ou à la provençale'),
(64, 3, 'Blanquette de veau'),
(65, 3, 'Boeuf bourguignon'),
(66, 3, 'Canard en sauce (poivre vert, chasseur, etc.)'),
(67, 3, 'Lapin à la moutarde'),
(68, 3, 'Coq au vin'),
(69, 3, 'Paupiette de veau'),
(70, 3, 'Paupiette de volaille'),
(71, 3, 'Viande en sauce (aliment moyen)'),
(72, 3, 'Poulet au curry et au lait de coco'),
(73, 3, 'Meloukhia, plat à base de boeuf et corete'),
(74, 3, 'Palette à la diable'),
(75, 3, 'Langue de bœuf sauce madère'),
(76, 3, 'Porc au caramel'),
(77, 3, 'Boulettes au bœuf, à la sauce tomate'),
(78, 3, 'Paupiette de veau, cuite au four'),
(79, 3, 'Carpaccio de bœuf, avec marinade'),
(80, 3, 'Yakitori (brochettes japonaises grillées en sauce)'),
(81, 3, 'Hachis Parmentier à la viande'),
(82, 3, 'Couscous au mouton'),
(83, 3, 'Couscous à la viande ou au poulet, allégé'),
(84, 3, 'Poêlée de pommes de terre préfrites, lardons ou poulet, et autres, sans légumes verts'),
(85, 3, 'Couscous royal (avec plusieurs viandes)'),
(86, 3, 'Couscous au poulet'),
(87, 3, 'Couscous à la viande'),
(88, 3, 'Parmentier de canard'),
(89, 3, 'Parmentier de canard, cuit'),
(90, 3, 'Cassoulet, appertisé'),
(91, 3, 'Choucroute garnie'),
(92, 3, 'Petit salé ou saucisse aux lentilles'),
(93, 3, 'Pot-au-feu'),
(94, 3, 'Boeuf aux carottes'),
(95, 3, 'Potée auvergnate (chou et porc)'),
(96, 3, 'Cassoulet au porc, appertisé'),
(97, 3, 'Cassoulet au canard ou oie, appertisé'),
(98, 3, 'Tomate farcie'),
(99, 3, 'Chou farci'),
(100, 3, 'Chili con carne'),
(101, 3, 'Moussaka'),
(102, 3, 'Navarin d\'agneau aux légumes'),
(103, 3, 'Tajine de mouton'),
(104, 3, 'Osso buco'),
(105, 3, 'Poulet basquaise'),
(106, 3, 'Tajine de poulet'),
(107, 3, 'Chop suey (porc ou poulet)'),
(108, 3, 'Légumes farcis (sauf tomate)'),
(109, 3, 'Moules marinières (oignons et vin blanc)'),
(110, 3, 'Moules farcies (matière grasse, persillade…), crues'),
(111, 3, 'Gratin ou cassolette de poisson et / ou fruits de mer, à cuire'),
(112, 3, 'Gratin ou cassolette de poisson et / ou fruits de mer, cuit'),
(113, 3, 'Saumon à l\'oseille'),
(114, 3, 'Poisson blanc à la bordelaise'),
(115, 3, 'Poisson blanc à la provençale ou niçoise (sauce tomate)'),
(116, 3, 'Poisson blanc à la florentine (sauce aux épinards)'),
(117, 3, 'Poisson blanc à la marinière (sauce aux oignons, vin blanc, moules)'),
(118, 3, 'Poisson blanc à la sauce moutarde'),
(119, 3, 'Poisson blanc à la parisienne (sauce aux champignons)'),
(120, 3, 'Poisson blanc à l\'estragon'),
(121, 3, 'Poisson blanc sauce oseille'),
(122, 3, 'Saumon farci'),
(123, 3, 'Brochette de poisson'),
(124, 3, 'Brochette de crevettes'),
(125, 3, 'Poisson en sauce, surgelé'),
(126, 3, 'Poisson cuit (aliment moyen)'),
(127, 3, 'Poisson blanc, cuit (aliment moyen)'),
(128, 3, 'Poisson blanc, de mer, cuit (aliment moyen)'),
(129, 3, 'Paëlla'),
(130, 3, 'Couscous au poisson'),
(131, 3, 'Gratin de poisson et purée ou brandade aux pommes de terre ou parmentier de poisson'),
(132, 3, 'Sushi ou Maki aux produits de la mer'),
(133, 3, 'Terrine ou mousse de légumes'),
(134, 3, 'Flan de légumes'),
(135, 3, 'Haricots blancs à la sauce tomate, appertisés'),
(136, 3, 'Piperade basquaise'),
(137, 3, 'Poêlée de légumes assaisonnés sans champignon, surgelée, crue'),
(138, 3, 'Poêlée de légumes assaisonnés à l\'asiatiques ou wok de légumes, surgelée, crue'),
(139, 3, 'Poêlée de légumes assaisonnés grillée, méridionale ou méditerranéenne, surgelée, crue'),
(140, 3, 'Poêlée de légumes assaisonnés aux champignons (\"champêtre\"), surgelée'),
(141, 3, 'Tofu, nature'),
(142, 3, 'Escalope végétale ou steak à base de soja'),
(143, 3, 'Choucroute, sans garniture, égouttée'),
(144, 3, 'Ratatouille cuisinée'),
(145, 3, 'Épinards à la crème'),
(146, 3, 'Gratin d\'aubergine'),
(147, 3, 'Gratin dauphinois'),
(148, 3, 'Endive au jambon'),
(149, 3, 'Gratin de chou-fleur'),
(150, 3, 'Gratin de légumes'),
(151, 3, 'Riste d\'aubergines (aubergines, tomates, oignons)'),
(152, 3, 'Palet ou galette de légumes, préfrit, surgelé'),
(153, 3, 'Palet ou galette de légumes, préfrit, surgelé, cuit'),
(154, 3, 'Choucroute, sans garniture, égouttée, cuite'),
(155, 3, 'Tomate à la provençale'),
(156, 3, 'Beignet de légumes'),
(157, 3, 'Falafel ou Boulette de pois-chiche et/ou fève, frite'),
(158, 3, 'Gratin de légumes en sauce blanche type béchamel, cuit'),
(159, 3, 'Blé dur précuit cuisiné, en sachet micro-ondable'),
(160, 3, 'Blé dur précuit, grains entiers, cuisiné, à poêler'),
(161, 3, 'Ravioli à la viande, sauce tomate, appertisé'),
(162, 3, 'Lasagnes ou cannelloni à la viande (bolognaise)'),
(163, 3, 'Pâtes à la bolognaise (spaghetti, tagliatelles…)'),
(164, 3, 'Riz cantonais'),
(165, 3, 'Ravioli chinois à la vapeur à la crevette, cuit'),
(166, 3, 'Gratin de pâtes'),
(167, 3, 'Lasagnes ou cannelloni aux légumes'),
(168, 3, 'Pâtes à la carbonara (spaghetti, tagliatelles…)'),
(169, 3, 'Lasagnes ou cannelloni au poisson'),
(170, 3, 'Pâtes fraîches farcies (ex : raviolis, ravioles du Dauphiné), au fromage, cuites'),
(171, 3, 'Couscous de légumes'),
(172, 3, 'Pâtes fraîches farcies (ex : raviolis), au fromage et aux légumes, cuites'),
(173, 3, 'Pâtes fraîches farcies (ex : raviolis), à la viande (ex : bolognaise), crues'),
(174, 3, 'Pâtes fraîches farcies (ex : raviolis), à la viande (ex : bolognaise), cuites'),
(175, 3, 'Pâtes fraîches farcies (ex : raviolis, ravioles du Dauphiné), au fromage, crues'),
(176, 3, 'Pâtes fraîches farcies (ex : raviolis), au fromage et aux légumes, crues'),
(177, 3, 'Nouilles sautées/poêlées aux crevettes'),
(178, 3, 'Riz blanc, cuit, avec poulet'),
(179, 3, 'Riz blanc, cuit, avec légumes et viande'),
(180, 3, 'Risotto, aux légumes'),
(181, 3, 'Risotto, aux fruits de mer'),
(182, 3, 'Risotto, aux fromages'),
(183, 3, 'Raviolis aux légumes, sauce tomate, appertisés'),
(184, 3, 'Pâtes fraîches farcies (ex : raviolis), aux légumes, cuites'),
(185, 3, 'Pâtes en sauce aux fromages (spaghetti, tagliatelles…)'),
(186, 3, 'Pâtes fraîches farcies (ex : ravioli), aux légumes, crues'),
(187, 3, 'Pâtes fraîches farcies (ex : raviolis), cuites (aliment moyen)'),
(188, 3, 'Feuille de vigne farcie au riz ou dolmas, égouttée'),
(189, 3, 'Lasagnes ou cannelloni aux légumes, cuits'),
(190, 3, 'Lasagnes ou canelloni aux légumes et au fromage de chèvre, cuits'),
(191, 3, 'Lasagnes ou cannelloni au fromage et aux épinards'),
(192, 3, 'Aligot (purée de pomme de terre à la tomme fraîche)'),
(193, 3, 'Soufflé au fromage'),
(194, 3, 'Tartiflette'),
(195, 3, 'Gougère'),
(196, 3, 'Fondue savoyarde (fromages, vin, pain)'),
(197, 3, 'Fromage pané au jambon'),
(198, 4, 'Pizza au fromage ou Pizza margherita'),
(199, 4, 'Quiche lorraine'),
(200, 4, 'Crêpe ou Galette fourrée béchamel jambon'),
(201, 4, 'Crêpe ou Galette fourrée béchamel jambon fromage'),
(202, 4, 'Crêpe ou Galette fourrée béchamel champignon'),
(203, 4, 'Tarte aux légumes'),
(204, 4, 'Pizza jambon fromage'),
(205, 4, 'Tarte au fromage'),
(206, 4, 'Tarte à la provençale'),
(207, 4, 'Pizza à la viande, type bolognaise'),
(208, 4, 'Burritos'),
(209, 4, 'Fajitas'),
(210, 4, 'Pizza au chorizo ou salami'),
(211, 4, 'Pizza aux fruits de mer'),
(212, 4, 'Pizza au saumon'),
(213, 4, 'Pizza au chèvre et lardons'),
(214, 4, 'Pizza aux légumes ou Pizza 4 saisons'),
(215, 4, 'Pizza champignons fromage'),
(216, 4, 'Pizza 4 fromages'),
(217, 4, 'Pizza (aliment moyen)'),
(218, 4, 'Pissaladière'),
(219, 4, 'Tarte à l\'oignon'),
(220, 4, 'Pizza jambon fromage champignons ou pizza royale, reine ou regina'),
(221, 4, 'Crêpe ou Galette fourrée béchamel fromage'),
(222, 4, 'Flammenkueche ou Tarte flambée aux lardons'),
(223, 4, 'Crêpe ou Galette fourrée béchamel jambon fromage champignon'),
(224, 4, 'Tarte ou Tourte aux poireaux'),
(225, 4, 'Tarte au saumon'),
(226, 4, 'Tourte au riesling'),
(227, 4, 'Tarte à la tomate'),
(228, 4, 'Crêpe ou Galette complète (œuf, jambon, fromage)'),
(229, 4, 'Tarte aux noix de Saint-Jacques'),
(230, 4, 'Pastilla au poulet'),
(231, 4, 'Pizza aux lardons, oignons et fromage'),
(232, 4, 'Crêpe ou Galette aux noix de St Jacques'),
(233, 4, 'Tarte ou quiche salée (aliment moyen)'),
(234, 4, 'Crêpe ou Galette fourrée béchamel champignon, cuite'),
(235, 4, 'Tarte au maroilles ou Flamiche au maroilles'),
(236, 4, 'Crêpe ou Galette fourrée au poisson et / ou fruits de mer'),
(237, 4, 'Ficelle picarde'),
(238, 4, 'Tarte épinard chèvre'),
(239, 4, 'Tielle sétoise'),
(240, 4, 'Pizza au thon'),
(241, 4, 'Pizza kebab'),
(242, 4, 'Pizza au poulet'),
(243, 4, 'Pizza type raclette ou tartiflette'),
(244, 4, 'Pizza au speck ou jambon cru'),
(245, 5, 'Focaccia, garnie'),
(246, 5, 'Fougasse, garnie'),
(247, 5, 'Croque-monsieur'),
(248, 5, 'Hot-dog'),
(249, 5, 'Hamburger, provenant de fast food'),
(250, 5, 'Cheeseburger, provenant de fast food'),
(251, 5, 'Double cheeseburger, provenant de fast food'),
(252, 5, 'Burger au poisson'),
(253, 5, 'Sandwich grec ou Kebab, pita, crudités'),
(254, 5, 'Sandwich grec ou Kebab, baguette, crudités'),
(255, 5, 'Sandwich baguette, thon, crudités (tomate, salade), mayonnaise'),
(256, 5, 'Sandwich panini, jambon cru, mozzarella, tomates'),
(257, 5, 'Sandwich baguette, jambon, oeuf dur, crudités (tomate, salade), beurre'),
(258, 5, 'Sandwich baguette, poulet, crudités (tomate, salade), mayonnaise'),
(259, 5, 'Sandwich baguette, jambon emmental'),
(260, 5, 'Sandwich baguette, saumon fumé, beurre'),
(261, 5, 'Sandwich baguette, thon, maïs, crudités'),
(262, 5, 'Burger au poulet'),
(263, 5, 'Pan bagnat'),
(264, 5, 'Sandwich baguette, jambon, beurre'),
(265, 5, 'Sandwich baguette, camembert, beurre'),
(266, 5, 'Sandwich baguette, pâté, cornichons'),
(267, 5, 'Sandwich baguette, saucisson, beurre'),
(268, 5, 'Sandwich baguette, jambon, emmental, beurre'),
(269, 5, 'Sandwich (aliment moyen)'),
(270, 5, 'Toasts ou Canapés salés, garnitures diverses'),
(271, 5, 'Sandwich baguette, crudités diverses, mayonnaise'),
(272, 5, 'Sandwich baguette, dinde, crudités (tomate, salade), mayonnaise'),
(273, 5, 'Sandwich baguette, oeuf, crudités (tomate, salade), mayonnaise'),
(274, 5, 'Sandwich baguette, porc, crudités (tomate, salade), mayonnaise'),
(275, 5, 'Sandwich baguette, merguez, ketchup moutarde'),
(276, 5, 'Sandwich baguette, salami, beurre'),
(277, 5, 'Croque-madame'),
(278, 5, 'Sandwich baguette (aliment moyen)'),
(279, 5, 'Sandwich pain de mie, garnitures diverses'),
(280, 5, 'Croque-monsieur, rayon frais'),
(281, 5, 'Sandwich pain de mie complet, jambon, crudités, fromage optionnel'),
(282, 5, 'Sandwich pain de mie complet, thon, crudités, mayonnaise'),
(283, 5, 'Sandwich pain de mie complet, jambon, fromage'),
(284, 5, 'Sandwich pain de mie complet, poulet, crudités, mayonnaise'),
(285, 6, 'Cake salé (garniture : fromage, légumes, viande, poisson, volaille, etc.)'),
(286, 6, 'Samossas ou Samoussas'),
(287, 6, 'Feuilleté au poisson et / ou fruits de mer'),
(288, 6, 'Spécialité chinoise ou bouchées à la vapeur, cuite'),
(289, 6, 'Feuilleté aux escargots'),
(290, 6, 'Feuilleté ou Friand au fromage'),
(291, 6, 'Feuilleté ou Friand à la viande'),
(292, 6, 'Bouchée à la reine, à la viande/volaille/quenelle'),
(293, 6, 'Croissant au jambon'),
(294, 6, 'Rouleau de printemps'),
(295, 6, 'Nem ou Pâté impérial'),
(296, 6, 'Brick garni (garniture : crevettes, légumes, volaille, viande, poisson, etc.)'),
(297, 6, 'Bouchée à la reine, au poisson et fruits de mer'),
(298, 6, 'Feuilleté ou Friand jambon fromage'),
(299, 6, 'Beignet de viande, volaille ou poisson, fait maison'),
(300, 6, 'Brick à l\'oeuf'),
(301, 6, 'Brick au boeuf'),
(302, 6, 'Brick à la pomme de terre'),
(303, 6, 'Feuilleté salé (aliment moyen)'),
(304, 6, 'Bouchée à la reine, garnie (aliment moyen)'),
(305, 6, 'Nem ou Pâté impérial, au poulet, cuit'),
(306, 6, 'Nem ou Pâté impérial, au porc, cuit'),
(307, 6, 'Nem ou Pâté impérial, aux crevettes et/ou au crabe, cuit'),
(308, 6, 'Croissant au jambon fromage'),
(309, 7, 'Avocat, pulpe, cru'),
(310, 7, 'Bette ou blette, crue'),
(311, 7, 'Carotte, crue'),
(312, 7, 'Champignon, tout type, cru'),
(313, 7, 'Salade ou chicorée frisée, crue'),
(314, 7, 'Chou rouge, cru'),
(315, 7, 'Chou-fleur, cru'),
(316, 7, 'Concombre, pulpe et peau, cru'),
(317, 7, 'Courgette, pulpe et peau, crue'),
(318, 7, 'Cresson de fontaine, cru'),
(319, 7, 'Céleri branche, cru'),
(320, 7, 'Endive, crue'),
(321, 7, 'Fenouil, cru'),
(322, 7, 'Laitue, crue'),
(323, 7, 'Oignon, cru'),
(324, 7, 'Pissenlit, cru'),
(325, 7, 'Poireau, cru'),
(326, 7, 'Poivron, vert, jaune ou rouge, cru'),
(327, 7, 'Potiron, cru'),
(328, 7, 'Radis rouge, cru'),
(329, 7, 'Tomate, crue'),
(330, 7, 'Artichaut, cru'),
(331, 7, 'Aubergine, crue'),
(332, 7, 'Cardon, cru'),
(333, 7, 'Céleri-rave, cru'),
(334, 7, 'Champignon de Paris ou champignon de couche, cru'),
(335, 7, 'Brocoli, cru'),
(336, 7, 'Chou de Bruxelles, cru'),
(337, 7, 'Épinard, cru'),
(338, 7, 'Haricot vert, cru'),
(339, 7, 'Navet, pelé, cru'),
(340, 7, 'Chou-rave, cru'),
(341, 7, 'Chou vert, cru'),
(342, 7, 'Haricot vert, surgelé, cru'),
(343, 7, 'Petits pois, crus'),
(344, 7, 'Asperge, pelée, crue'),
(345, 7, 'Chou-fleur, surgelé, cru'),
(346, 7, 'Épinard, surgelé, cru'),
(347, 7, 'Petits pois, surgelés, crus'),
(348, 7, 'Poivron vert, cru'),
(349, 7, 'Poivron rouge, cru'),
(350, 7, 'Radis noir, cru'),
(351, 7, 'Scarole, crue'),
(352, 7, 'Betterave rouge, crue'),
(353, 7, 'Échalote, crue'),
(354, 7, 'Mâche, crue'),
(355, 7, 'Légumes, mélange surgelé, crus'),
(356, 7, 'Champignon, chanterelle ou girolle, crue'),
(357, 7, 'Champignon, morille, crue'),
(358, 7, 'Maïs doux, en épis, surgelé, cru'),
(359, 7, 'Oseille, crue'),
(360, 7, 'Champignon, pleurote, crue'),
(361, 7, 'Chou blanc, cru'),
(362, 7, 'Tomate verte, crue'),
(363, 7, 'Haricot de Lima, cru'),
(364, 7, 'Courge musquée, pulpe, crue'),
(365, 7, 'Potimarron, pulpe, cru'),
(366, 7, 'Courge hokkaïdo, pulpe, crue'),
(367, 7, 'Courge melonnette, pulpe, crue'),
(368, 7, 'Courge doubeurre (butternut), pulpe, crue'),
(369, 7, 'Courge, crue'),
(370, 7, 'Courge spaghetti, pulpe, crue'),
(371, 7, 'Piment, cru'),
(372, 7, 'Champignon, oronge vraie, crue'),
(373, 7, 'Champignon, cèpe, cru'),
(374, 7, 'Champignon, rosé des prés, cru'),
(375, 7, 'Chicorée rouge, crue'),
(376, 7, 'Chicorée verte, crue'),
(377, 7, 'Citrouille, pulpe, crue'),
(378, 7, 'Chou chinois ou pak-choi ou pé-tsai, cru'),
(379, 7, 'Poivron jaune, cru'),
(380, 7, 'Laitue romaine, crue'),
(381, 7, 'Tomate cerise, crue'),
(382, 7, 'Pois mange-tout ou pois gourmand, cru'),
(383, 7, 'Panais, cru'),
(384, 7, 'Haricot mungo germé ou pousse de \"soja\", cru'),
(385, 7, 'Haricot beurre, cru'),
(386, 7, 'Salsifis noir, cru'),
(387, 7, 'Bambou, pousse, crue'),
(388, 7, 'Cresson alénois, cru'),
(389, 7, 'Laitue iceberg, crue'),
(390, 7, 'Rutabaga, cru'),
(391, 7, 'Haricot beurre, surgelé, cru'),
(392, 7, 'Brocoli, surgelé, cru'),
(393, 7, 'Chou de Bruxelles, surgelé, cru'),
(394, 7, 'Carotte, surgelée, crue'),
(395, 7, 'Concombre, pulpe, cru'),
(396, 7, 'Petits pois et carottes, surgelés, crus'),
(397, 7, 'Roquette, crue'),
(398, 7, 'Chou frisé, cru'),
(399, 7, 'Champignon de Paris ou champignon de couche, surgelé, cru'),
(400, 7, 'Courgette, pulpe et peau, surgelée, crue'),
(401, 7, 'Crosne, surgelé, cru'),
(402, 7, 'Artichaut, fond, surgelé, cru'),
(403, 7, 'Maïs doux, surgelé, cru'),
(404, 7, 'Navet, surgelé, cru'),
(405, 7, 'Oignon, surgelé, cru'),
(406, 7, 'Poireau, surgelé, cru'),
(407, 7, 'Salsifis, surgelé, cru'),
(408, 7, 'Légumes pour potages, surgelés, crus'),
(409, 7, 'Julienne ou brunoise de légumes, surgelée, crue'),
(410, 7, 'Légumes pour ratatouille, surgelés'),
(411, 7, 'Printanière de légumes, surgelée, crue (haricots verts, carottes, pomme de terre, petits pois, oignons)'),
(412, 7, 'Haricot plat, cru'),
(413, 7, 'Épinard, jeunes pousses pour salades, cru'),
(414, 7, 'Mesclun ou salade, mélange de jeunes pousses'),
(415, 7, 'Asperge, verte, crue'),
(416, 7, 'Chou romanesco ou brocoli à pomme, cru'),
(417, 7, 'Asperge, blanche ou violette, pelée, crue'),
(418, 7, 'Salicorne (Salicornia sp.), fraîche'),
(419, 7, 'Légumes pour couscous, surgelés, crus'),
(420, 7, 'Salade verte, crue, sans assaisonnement'),
(421, 7, 'Banane plantain, crue'),
(422, 7, 'Artichaut, cuit'),
(423, 7, 'Asperge, bouillie/cuite à l\'eau'),
(424, 7, 'Aubergine, cuite'),
(425, 7, 'Betterave rouge, cuite'),
(426, 7, 'Bette ou blette, cuite'),
(427, 7, 'Brocoli, cuit'),
(428, 7, 'Carotte, appertisée, égouttée'),
(429, 7, 'Carotte, cuite'),
(430, 7, 'Champignon, tout type, appertisé, égoutté'),
(431, 7, 'Chou de Bruxelles, cuit'),
(432, 7, 'Chou vert, cuit'),
(433, 7, 'Chou-fleur, cuit'),
(434, 7, 'Coeur de palmier, appertisé, égoutté'),
(435, 7, 'Courgette, pulpe et peau, cuite'),
(436, 7, 'Céleri branche, cuit'),
(437, 7, 'Céleri-rave, cuit'),
(438, 7, 'Épinard, cuit'),
(439, 7, 'Haricot mungo germé ou pousse de \"soja\", appertisé, égoutté'),
(440, 7, 'Haricot vert, cuit'),
(441, 7, 'Navet, cuit'),
(442, 7, 'Oignon, cuit'),
(443, 7, 'Petits pois, appertisés, égouttés'),
(444, 7, 'Petits pois, cuits'),
(445, 7, 'Poireau, cuit'),
(446, 7, 'Potiron, appertisé, égoutté'),
(447, 7, 'Salsifis, cuit'),
(448, 7, 'Tomate, pelée, appertisée, égouttée'),
(449, 7, 'Maïs doux, en épis, cuit'),
(450, 7, 'Macédoine de légumes, appertisée, égouttée'),
(451, 7, 'Épinard, appertisé, égoutté'),
(452, 7, 'Haricot vert, appertisé, égoutté'),
(453, 7, 'Haricot beurre, appertisé, égoutté'),
(454, 7, 'Maïs doux, appertisé, égoutté'),
(455, 7, 'Artichaut, appertisé, égoutté'),
(456, 7, 'Tomate, concentré, appertisé'),
(457, 7, 'Haricot vert, surgelé, cuit'),
(458, 7, 'Asperge, appertisée, égouttée'),
(459, 7, 'Chou de Bruxelles, appertisé, égoutté'),
(460, 7, 'Céleri branche, appertisé, égoutté'),
(461, 7, 'Champignon de Paris ou champignon de couche, appertisé, égoutté'),
(462, 7, 'Salsifis, appertisé, égoutté'),
(463, 7, 'Poivron vert, cuit'),
(464, 7, 'Poivron rouge, cuit'),
(465, 7, 'Petits pois et carottes, appertisés, égouttés'),
(466, 7, 'Chou-rave, bouilli/cuit à l\'eau'),
(467, 7, 'Chou rouge, bouilli/cuit à l\'eau'),
(468, 7, 'Potiron, cuit'),
(469, 7, 'Champignon de Paris ou champignon de couche, bouilli/cuit à l\'eau'),
(470, 7, 'Fenouil, bouilli/cuit à l\'eau'),
(471, 7, 'Épinard, surgelé, cuit'),
(472, 7, 'Chou-fleur, surgelé, cuit'),
(473, 7, 'Petits pois, surgelés, cuits'),
(474, 7, 'Champignon de Paris ou champignon de couche, sauté/poêlé, sans matière grasse'),
(475, 7, 'Panais, cuit'),
(476, 7, 'Fondue de poireau'),
(477, 7, 'Courge spaghetti, pulpe, cuite'),
(478, 7, 'Artichaut, coeur, appertisé, égoutté'),
(479, 7, 'Artichaut, fond, appertisé, égoutté'),
(480, 7, 'Tétragone cornue, cuite'),
(481, 7, 'Rutabaga, cuit'),
(482, 7, 'Tomate, pulpe, appertisée'),
(483, 7, 'Tomate, purée, appertisée'),
(484, 7, 'Bambou, pousses, appertisées, égouttées'),
(485, 7, 'Brocoli, surgelé, cuit'),
(486, 7, 'Chou de Bruxelles, surgelé, cuit'),
(487, 7, 'Carotte, surgelée, cuite'),
(488, 7, 'Champignon, lentin comestible ou shiitaké, cuit'),
(489, 7, 'Petits pois et carottes, surgelés, cuits'),
(490, 7, 'Pois mange-tout ou pois gourmand, bouilli/cuit à l\'eau'),
(491, 7, 'Chou frisé, cuit'),
(492, 7, 'Chou chinois (pak-choi ou pé-tsai), cuit'),
(493, 7, 'Cardon, cuit'),
(494, 7, 'Tomate, pulpe et peau, bouillie/cuite à l\'eau'),
(495, 7, 'Pois mange-tout ou pois gourmands, cuits'),
(496, 7, 'Échalote, cuite'),
(497, 7, 'Haricots verts, purée'),
(498, 7, 'Légumes (3-4 sortes en mélange), purée'),
(499, 7, 'Brocoli, purée'),
(500, 7, 'Tomate, coulis, appertisé (purée de tomates mi-réduite à 11%)'),
(501, 7, 'Carotte, purée'),
(502, 7, 'Courgette, purée'),
(503, 7, 'Tomate, double concentré, appertisé'),
(504, 7, 'Macédoine de légumes, surgelée'),
(505, 7, 'Poivron rouge, appertisé, égoutté'),
(506, 7, 'Céleri-rave, purée'),
(507, 7, 'Petits pois, purée'),
(508, 7, 'Épinard, purée'),
(509, 7, 'Tomate, pulpe et peau, rôtie/cuite au four'),
(510, 7, 'Légumes pour couscous, cuits'),
(511, 7, 'Légume cuit (aliment moyen)'),
(512, 7, 'Gombo, fruit, cuit'),
(513, 7, 'Oignon, séché'),
(514, 7, 'Tomate, séchée'),
(515, 7, 'Champignon, lentin comestible ou shiitaké, séché'),
(516, 7, 'Tomate, séchée, à l\'huile'),
(517, 8, 'Tapioca ou Perles du Japon, cru'),
(518, 8, 'Pomme de terre, sans peau, cuite au four'),
(519, 8, 'Pomme de terre, bouillie/cuite à l\'eau'),
(520, 8, 'Chips de pommes de terre, standard'),
(521, 8, 'Pomme de terre, sans peau, crue'),
(522, 8, 'Pomme de terre, appertisée, égouttée'),
(523, 8, 'Pomme de terre noisette, surgelée, crue'),
(524, 8, 'Pomme de terre vapeur, sous vide'),
(525, 8, 'Pomme de terre, sautée/poêlée'),
(526, 8, 'Pomme de terre, flocons déshydratés, au lait ou à la crème'),
(527, 8, 'Pomme de terre, purée à base de flocons, reconstituée avec lait entier, matière grasse'),
(528, 8, 'Pomme de terre, purée, avec lait et beurre, non salée'),
(529, 8, 'Pomme de terre, purée à base de flocons, reconstituée avec lait demi-écrémé et eau, non salée'),
(530, 8, 'Pomme de terre dauphine, surgelée, crue'),
(531, 8, 'Pomme de terre dauphine, surgelée, cuite'),
(532, 8, 'Pomme de terre, flocons déshydratés, nature'),
(533, 8, 'Pomme de terre nouvelle, crue'),
(534, 8, 'Potatoes ou Wedges ou Quartiers de pommes de terre épicés, surgelées, cuites'),
(535, 8, 'Pomme de terre, rôtie/cuite au four'),
(536, 8, 'Pomme de terre rissolée, surgelée, cuite'),
(537, 8, 'Pomme de terre de conservation, sans peau, bouillie/cuite à l\'eau'),
(538, 8, 'Pomme de terre primeur, sans peau, bouillie/cuite à l\'eau'),
(539, 8, 'Frites de pommes de terre, surgelées, rôties/cuites au four'),
(540, 8, 'Frites de pommes de terre, surgelées, cuites en friteuse'),
(541, 8, 'Pomme de terre duchesse, surgelée, cuite'),
(542, 8, 'Pomme de terre noisette, surgelée, cuite'),
(543, 8, 'Pomme de terre sautée/poêlée à la graisse de canard'),
(544, 8, 'Chips de pommes de terre, à l\'ancienne'),
(545, 8, 'Chips de pommes de terre et assimilés, allégées en matière grasse'),
(546, 8, 'Rostis ou Galette de pomme de terre'),
(547, 8, 'Pomme de terre duchesse, surgelée, crue'),
(548, 8, 'Pomme de terre rissolée, surgelée, crue'),
(549, 8, 'Frites de pommes de terre, surgelées, pour cuisson rôtie/ au four'),
(550, 8, 'Frites de pommes de terre, surgelées, pour cuisson micro-ondes'),
(551, 8, 'Frites de pommes de terre, surgelées, pour cuisson en friteuse'),
(552, 8, 'Pomme de terre, purée (aliment moyen)'),
(553, 8, 'Pomme de terre, cuite (aliment moyen)'),
(554, 8, 'Patate douce, crue'),
(555, 8, 'Patate douce, cuite'),
(556, 8, 'Patate douce, purée, cuisinée à la crème'),
(557, 8, 'Topinambour, cuit'),
(558, 8, 'Topinambour, cru'),
(559, 8, 'Banane plantain, cuite'),
(560, 8, 'Taro, tubercule, cru'),
(561, 8, 'Taro, tubercule, cuit'),
(562, 8, 'Igname, épluchée, crue'),
(563, 8, 'Igname, épluchée, bouillie/cuite à l\'eau'),
(564, 8, 'Manioc, racine crue'),
(565, 8, 'Manioc, racine cuite'),
(566, 8, 'Fruit à pain, cru'),
(567, 9, 'Fève, cuite'),
(568, 9, 'Haricot blanc, cuit'),
(569, 9, 'Haricot rouge, cuit'),
(570, 9, 'Lentille, cuite'),
(571, 9, 'Pois cassé, cuit'),
(572, 9, 'Pois chiche, cuit'),
(573, 9, 'Haricot flageolet, appertisé, égouttés'),
(574, 9, 'Lentille, cuisinée, appertisée, égouttée'),
(575, 9, 'Haricot blanc, appertisé, égoutté'),
(576, 9, 'Haricot flageolet, cuit'),
(577, 9, 'Haricot rouge, appertisé, égoutté'),
(578, 9, 'Haricot mungo, cuit'),
(579, 9, 'Pois chiche, appertisé, égoutté'),
(580, 9, 'Haricot flageolet, vert, cuit'),
(581, 9, 'Fève, pelée, surgelée, cuite à l\'eau'),
(582, 9, 'Fève, surgelée, cuite à l\'eau'),
(583, 9, 'Lentille verte, cuite'),
(584, 9, 'Lentille blonde, cuite'),
(585, 9, 'Lentille corail, cuite'),
(586, 9, 'Légume sec, cuit (aliment moyen)'),
(587, 9, 'Fève à écosser, fraîche'),
(588, 9, 'Lentille, germée'),
(589, 9, 'Lupin, graine crue'),
(590, 9, 'Fève, fraîche, surgelée'),
(591, 9, 'Haricot flageolet, surgelé'),
(592, 9, 'Fève, pelée, surgelée, crue'),
(593, 9, 'Haricot blanc, sec'),
(594, 9, 'Lentille, sèche'),
(595, 9, 'Pois cassé, sec'),
(596, 9, 'Pois chiche, sec'),
(597, 9, 'Fève, sèche'),
(598, 9, 'Haricot rouge, sec'),
(599, 9, 'Haricot mungo, sec'),
(600, 9, 'Lentille corail, sèche'),
(601, 9, 'Haricot flageolet, vert, sec'),
(602, 9, 'Lentille verte, sèche'),
(603, 9, 'Lentille blonde, sèche'),
(604, 10, 'Abricot, dénoyauté, cru'),
(605, 10, 'Ananas, pulpe, cru'),
(606, 10, 'Banane, pulpe, crue'),
(607, 10, 'Cassis, cru'),
(608, 10, 'Cerise, dénoyautée, crue'),
(609, 10, 'Citron, pulpe, cru'),
(610, 10, 'Coing, cru'),
(611, 10, 'Figue, crue'),
(612, 10, 'Fraise, crue'),
(613, 10, 'Framboise, crue'),
(614, 10, 'Fruit de la passion ou maracudja, pulpe et pépins, cru'),
(615, 10, 'Grenade, pulpe et pépins, crue'),
(616, 10, 'Groseille, crue'),
(617, 10, 'Groseille à maquereau, crue'),
(618, 10, 'Kiwi, pulpe et graines, cru'),
(619, 10, 'Litchi, pulpe, cru'),
(620, 10, 'Mangue, pulpe, crue'),
(621, 10, 'Melon cantaloup (par ex.: Charentais, de Cavaillon) pulpe, cru'),
(622, 10, 'Myrtille, crue'),
(623, 10, 'Mûre (de ronce), crue'),
(624, 10, 'Nectarine ou brugnon, pulpe et peau, crue'),
(625, 10, 'Orange, pulpe, crue'),
(626, 10, 'Papaye, pulpe, crue'),
(627, 10, 'Pastèque, pulpe, crue'),
(628, 10, 'Poire, pulpe et peau, crue'),
(629, 10, 'Pomme, pulpe et peau, crue'),
(630, 10, 'Pomelo (dit Pamplemousse), pulpe, cru'),
(631, 10, 'Prune Reine-Claude, crue'),
(632, 10, 'Pêche, pulpe et peau, crue'),
(633, 10, 'Raisin blanc, à gros grain (type Italia ou Dattier), cru'),
(634, 10, 'Raisin noir, cru'),
(635, 10, 'Rhubarbe, tige, crue'),
(636, 10, 'Pomme, pulpe, crue'),
(637, 10, 'Carambole, pulpe, crue'),
(638, 10, 'Figue de Barbarie, pulpe et graines, crue'),
(639, 10, 'Kaki, pulpe, cru'),
(640, 10, 'Citron vert ou Lime, pulpe, cru'),
(641, 10, 'Mûre noire (du mûrier), crue'),
(642, 10, 'Tamarin, fruit immature, pulpe, cru'),
(643, 10, 'Clémentine, pulpe, crue'),
(644, 10, 'Goyave, pulpe, crue'),
(645, 10, 'Pomme Canada, pulpe, crue'),
(646, 10, 'Mandarine, pulpe, crue'),
(647, 10, 'Prune, crue'),
(648, 10, 'Poire, pulpe, crue'),
(649, 10, 'Griotte, crue'),
(650, 10, 'Raisin, cru'),
(651, 10, 'Canneberge ou cranberry, crue'),
(652, 10, 'Citron, zeste, cru'),
(653, 10, 'Sureau, baie, crue'),
(654, 10, 'Myrtille, surgelée, crue'),
(655, 10, 'Salade de fruits, crue'),
(656, 10, 'Framboise, surgelée, crue'),
(657, 10, 'Mûre (de ronce), surgelée, crue'),
(658, 10, 'Pomelo (dit Pamplemousse) jaune, pulpe, cru'),
(659, 10, 'Pomelo (dit Pamplemousse) rose, pulpe, cru'),
(660, 10, 'Kumquat, sans pépin, cru'),
(661, 10, 'Pamplemousse chinois, pulpe, cru'),
(662, 10, 'Pomme Golden, pulpe et peau, crue'),
(663, 10, 'Melon miel ou melon honeydew, pulpe, cru'),
(664, 10, 'Fruits rouges, crus (framboises, fraises, groseilles, cassis)'),
(665, 10, 'Compote de pomme'),
(666, 10, 'Rhubarbe, tige, cuite, sucrée'),
(667, 10, 'Compote, tout type de fruits'),
(668, 10, 'Compote, tout type de fruits, allégée en sucres'),
(669, 10, 'Compote, tout type de fruits, allégée en sucres, rayon frais'),
(670, 10, 'Dessert de fruits, tout type de fruits (en taux de sucres : compotes allégées en sucres < desserts de fruits < compotes allégée)'),
(671, 10, 'Purée de fruits, tout type de fruits, type \"compote sans sucres ajoutés\"'),
(672, 10, 'Pomme, pulpe, rôtie/cuite au four'),
(673, 10, 'Pomme, pulpe, bouillie/cuite à l\'eau'),
(674, 10, 'Macédoine ou cocktail ou salade de fruits, au sirop, appertisé, égoutté'),
(675, 10, 'Macédoine ou cocktail ou salade de fruits, au sirop, appertisé, non égoutté'),
(676, 10, 'Macédoine ou cocktail ou salade de fruits, au sirop léger, appertisé, égoutté'),
(677, 10, 'Macédoine ou cocktail ou salade de fruits, au sirop léger, appertisé, non égoutté'),
(678, 10, 'Abricot au sirop léger, appertisé, égoutté'),
(679, 10, 'Abricot au sirop léger, appertisé, non égoutté'),
(680, 10, 'Abricot au sirop, appertisé, égoutté'),
(681, 10, 'Abricot au sirop, appertisé, non égoutté'),
(682, 10, 'Ananas au sirop et jus d\'ananas, appertisé, égoutté'),
(683, 10, 'Ananas au sirop et jus d\'ananas, appertisé, non égoutté'),
(684, 10, 'Ananas au sirop léger, appertisé, égoutté'),
(685, 10, 'Ananas au sirop léger, appertisé, non égoutté'),
(686, 10, 'Pêche au sirop léger, appertisée, égouttée'),
(687, 10, 'Pêche au sirop léger, appertisée, non égouttée'),
(688, 10, 'Poire au sirop léger, appertisée, non égouttée'),
(689, 10, 'Abricot, dénoyauté, sec'),
(690, 10, 'Datte, pulpe et peau, sèche'),
(691, 10, 'Figue, sèche'),
(692, 10, 'Pruneau, sec'),
(693, 10, 'Raisin, sec'),
(694, 10, 'Banane, pulpe, sèche'),
(695, 10, 'Pomme, sèche'),
(696, 10, 'Pêche, sèche'),
(697, 11, 'Farine de châtaigne'),
(698, 11, 'Amande (avec peau)'),
(699, 11, 'Cacahuète ou Arachide'),
(700, 11, 'Cacahuète, grillée, salée'),
(701, 11, 'Noisette'),
(702, 11, 'Noix, séchée, cerneaux'),
(703, 11, 'Noix de coco, amande mûre, fraîche'),
(704, 11, 'Noix de coco, amande, sèche'),
(705, 11, 'Noix du Brésil'),
(706, 11, 'Pistache, grillée, salée'),
(707, 11, 'Sésame, graine'),
(708, 11, 'Tournesol, graine'),
(709, 11, 'Crème de marrons'),
(710, 11, 'Noix de coco, amande immature, fraîche'),
(711, 11, 'Crème de marrons vanillée, appertisée'),
(712, 11, 'Mélange apéritif de graines salées et raisins secs'),
(713, 11, 'Noix de cajou, grillée, salée'),
(714, 11, 'Châtaigne, bouillie/cuite à l\'eau'),
(715, 11, 'Châtaigne, grillée'),
(716, 11, 'Noix, fraîche'),
(717, 11, 'Châtaigne, crue'),
(718, 11, 'Pignon de pin'),
(719, 11, 'Noix de pécan'),
(720, 11, 'Noix de macadamia'),
(721, 11, 'Cucurbitacées, graine'),
(722, 11, 'Luzerne, graine germée'),
(723, 11, 'Luzerne, graine'),
(724, 11, 'Noisette grillée'),
(725, 11, 'Lin, graine'),
(726, 11, 'Sésame, graine décortiquée'),
(727, 11, 'Cacahuète, grillée'),
(728, 11, 'Sésame, grillé, graine décortiquée'),
(729, 11, 'Châtaigne ou Marron, appertisé'),
(730, 11, 'Amande, mondée, émondée ou blanchie'),
(731, 11, 'Amande, grillée, salée'),
(732, 11, 'Noix de macadamia, grillée, salée'),
(733, 11, 'Pistache, grillée'),
(734, 11, 'Tournesol, graine, grillé, salé'),
(735, 11, 'Noix de pécan, salées'),
(736, 11, 'Chia, graine, séchée'),
(737, 11, 'Mélange apéritif de graines (non salées) et fruits séchés'),
(738, 11, 'Mélange apéritif de graines (non salées) et raisins secs'),
(739, 11, 'Noisette grillée, salée'),
(740, 11, 'Lin, brun, graine'),
(741, 11, 'Pâte d\'amande, préemballée'),
(742, 11, 'Beurre de cacahuète ou Pâte d\'arachide'),
(743, 11, 'Tahin ou Purée de sésame'),
(744, 11, 'Arachide, bouillie/cuite à l\'eau, salée'),
(745, 11, 'Soja, graine entière'),
(746, 12, 'Blé dur précuit, grains entiers, cuit, non salé'),
(747, 12, 'Nouilles asiatiques cuites, aromatisées'),
(748, 12, 'Nouilles asiatiques cuites, nature, non salées'),
(749, 12, 'Riz complet, cuit, non salé'),
(750, 12, 'Riz blanc, cuit, non salé'),
(751, 12, 'Riz blanc étuvé, cuit, non salé'),
(752, 12, 'Riz rouge, cuit, non salé'),
(753, 12, 'Riz sauvage, cuit, non salé'),
(754, 12, 'Orge perlée, bouilli/cuite à l\'eau, non salée'),
(755, 12, 'Mil, cuit, non salé'),
(756, 12, 'Quinoa, bouilli/cuit à l\'eau, non salé'),
(757, 12, 'Polenta ou semoule de maïs, cuite, non salée'),
(758, 12, 'Couscous (semoule de blé dur roulée précuite à la vapeur), cuite, non salée'),
(759, 12, 'Boulgour de blé, cuit, non salé'),
(760, 12, 'Pâtes sèches standard, cuites, non salées'),
(761, 12, 'Pâtes fraîches, aux œufs, cuites, non salées'),
(762, 12, 'Pâtes sèches, aux œufs, cuites, non salées'),
(763, 12, 'Pâtes sèches, sans gluten, cuites, non salées'),
(764, 12, 'Pâtes sèches, au blé complet, cuites, non salées'),
(765, 12, 'Vermicelle de riz, cuite, non salée'),
(766, 12, 'Vermicelle de soja, cuite, non salée'),
(767, 12, 'Gnocchi à la semoule, cuit'),
(768, 12, 'Gnocchi à la pomme de terre, cuit'),
(769, 12, 'Gnocchi, cuit (aliment moyen)'),
(770, 12, 'Frik (blé dur immature concassé), cuit, non salé'),
(771, 12, 'Épeautre, cru'),
(772, 12, 'Blé de Khorasan, cru'),
(773, 12, 'Blé tendre entier ou froment, cru'),
(774, 12, 'Blé germé, cru'),
(775, 12, 'Blé dur entier, cru'),
(776, 12, 'Blé dur précuit, entier, cru'),
(777, 12, 'Riz blanc, cru'),
(778, 12, 'Riz blanc étuvé, cru'),
(779, 12, 'Riz complet, cru'),
(780, 12, 'Riz sauvage, cru'),
(781, 12, 'Riz rouge, cru'),
(782, 12, 'Riz thaï ou basmati, cru'),
(783, 12, 'Riz, mélange de variétés (blanc, complet, rouge, sauvage, etc.), cru'),
(784, 12, 'Maïs entier, cru'),
(785, 12, 'Avoine, crue'),
(786, 12, 'Orge entière, crue'),
(787, 12, 'Orge perlée, crue'),
(788, 12, 'Mil entier, cru'),
(789, 12, 'Quinoa, cru'),
(790, 12, 'Amarante, crue'),
(791, 12, 'Sorgho entier, cru'),
(792, 12, 'Sarrasin entier, cru'),
(793, 12, 'Seigle entier, cru'),
(794, 12, 'Semoule de blé dur, crue'),
(795, 12, 'Mélange de céréales et légumineuses, cru'),
(796, 12, 'Polenta ou semoule de maïs, précuite, sèche'),
(797, 12, 'Couscous (semoule de blé dur roulée précuite à la vapeur), crue'),
(798, 12, 'Boulgour de blé, cru'),
(799, 12, 'Pâtes sèches standard, crues'),
(800, 12, 'Pâtes fraîches, aux œufs, crues'),
(801, 12, 'Pâtes sèches, aux œufs, crues'),
(802, 12, 'Nouilles asiatiques aromatisées, déshydratées'),
(803, 12, 'Pâtes sèches, au blé complet, crues'),
(804, 12, 'Pâtes sèches, sans gluten, crues'),
(805, 12, 'Vermicelle de riz, sèche'),
(806, 12, 'Vermicelle de soja, sèche'),
(807, 12, 'Gnocchi à la pomme de terre, cru'),
(808, 12, 'Gnocchi à la semoule, cru'),
(809, 12, 'Frik (blé dur immature concassé), cru'),
(810, 13, 'Pain (aliment moyen)'),
(811, 13, 'Pain, baguette, courante'),
(812, 13, 'Pain, baguette ou boule, au levain'),
(813, 13, 'Pain, baguette, de tradition française'),
(814, 13, 'Pain, baguette ou boule, bis (à la farine T80 ou T110) '),
(815, 13, 'Pain courant français, 400g ou boule'),
(816, 13, 'Pain, baguette ou boule, bio (à la farine T55 jusqu\'à T110)'),
(817, 13, 'Pain, baguette ou boule, de campagne'),
(818, 13, 'Pain complet ou intégral (à la farine T150)'),
(819, 13, 'Pain de mie, complet'),
(820, 13, 'Pain de mie, au son'),
(821, 13, 'Pain de mie, multicéréale'),
(822, 13, 'Pain au son'),
(823, 13, 'Pain de seigle, et froment'),
(824, 13, 'Pain, sans gluten'),
(825, 13, 'Pain, baguette, sans sel'),
(826, 13, 'Pain panini'),
(827, 13, 'Pain pita'),
(828, 13, 'Pain de mie, courant'),
(829, 13, 'Pain de mie, sans croûte, préemballé'),
(830, 13, 'Pain de mie brioché, préemballé'),
(831, 13, 'Pain, baguette ou boule, aux céréales et graines, artisanal'),
(832, 13, 'Muffin anglais, complet, petit pain spécial, préemballé'),
(833, 13, 'Muffin anglais, petit pain spécial, préemballé'),
(834, 13, 'Bagel'),
(835, 13, 'Pain pour hamburger ou hot dog (bun), préemballé'),
(836, 13, 'Pain blanc maison (avec farine pour machine à pain)'),
(837, 13, 'Pain de campagne maison (avec farine pour machine à pain)'),
(838, 13, 'Pain pour hamburger ou hot dog (bun), complet, préemballé'),
(839, 13, 'Tortilla souple (à garnir), à base de maïs'),
(840, 13, 'Tortilla souple (à garnir), à base de blé'),
(841, 13, 'Blini'),
(842, 13, 'Pain grillé, domestique'),
(843, 13, 'Biscotte classique'),
(844, 13, 'Biscotte briochée'),
(845, 13, 'Biscotte sans adjonction de sel'),
(846, 13, 'Biscotte multicéréale'),
(847, 13, 'Biscotte complète ou riche en fibres'),
(848, 13, 'Crackers de table au froment'),
(849, 13, 'Galette de riz soufflé complet'),
(850, 13, 'Galettes multicéréales soufflées'),
(851, 13, 'Pain grillé, tranches, au froment'),
(852, 13, 'Pain grillé brioché, tranché, préemballé'),
(853, 13, 'Pain grillé suédois au froment'),
(854, 13, 'Pain grillé suédois aux graines de lin'),
(855, 13, 'Tartine craquante, extrudée et grillée'),
(856, 13, 'Pain grillé suédois au blé complet'),
(857, 13, 'Pain grillé suédois aux fruits'),
(858, 13, 'Pain grillé, tranches, multicéréale'),
(859, 13, 'Croûtons'),
(860, 13, 'Croûtons à tartiner'),
(861, 13, 'Croûtons nature, préemballés'),
(862, 13, 'Chapelure'),
(863, 13, 'Gressins'),
(864, 13, 'Croûton à l\'ail aux fines herbes ou aux oignons, préemballé'),
(865, 13, 'Pain brioché ou viennois'),
(866, 13, 'Viennoiserie (aliment moyen)'),
(867, 13, 'Croissant, sans précision'),
(868, 13, 'Croissant ordinaire, artisanal'),
(869, 13, 'Croissant au beurre, artisanal'),
(870, 13, 'Croissant aux amandes, artisanal'),
(871, 13, 'Pain au lait, artisanal'),
(872, 13, 'Pain au lait, préemballé'),
(873, 13, 'Pain au lait aux pépites de chocolat, préemballé'),
(874, 13, 'Pain aux raisins (viennoiserie)'),
(875, 13, 'Pain au chocolat feuilleté, artisanal'),
(876, 13, 'Pain au chocolat, préemballé'),
(877, 13, 'Brioche aux pépites de chocolat'),
(878, 13, 'Brioche fourrée au chocolat'),
(879, 13, 'Brioche fourrée aux fruits'),
(880, 13, 'Brioche fourrée crème pâtissière (type \"chinois\"), préemballée'),
(881, 13, 'Brioche, préemballée'),
(882, 13, 'Brioche, sans précision'),
(883, 13, 'Brioche, de boulangerie traditionnelle'),
(884, 13, 'Couronne de Noël (Brioche) aux fruits confits, préemballée'),
(885, 13, 'Brioche pur beurre'),
(886, 13, 'Chouquette'),
(887, 13, 'Chausson aux pommes'),
(888, 14, 'Flocons d\'avoine, bouillis/cuits à l\'eau'),
(889, 14, 'Grains de blé soufflés au miel ou caramel, enrichis en vitamines et minéraux'),
(890, 14, 'Céréales pour petit déjeuner chocolatées, non fourrées, enrichies en vitamines et minéraux'),
(891, 14, 'Céréales pour petit déjeuner riches en fibres, avec ou sans fruits, enrichies en vitamines et minéraux'),
(892, 14, 'Céréales pour petit déjeuner (aliment moyen)'),
(893, 14, 'Muesli (aliment moyen)'),
(894, 14, 'Pétales de maïs natures, enrichis en vitamines et minéraux'),
(895, 14, 'Riz soufflé nature, enrichi en vitamines et minéraux'),
(896, 14, 'Céréales pour petit déjeuner riches en fibres, au chocolat, enrichies en vitamines et minéraux'),
(897, 14, 'Pétales de blé chocolatés, enrichis en vitamines et minéraux'),
(898, 14, 'Pétales de blé chocolatés (non enrichis en vitamines et minéraux)'),
(899, 14, 'Riz soufflé chocolaté (non enrichi en vitamines et minéraux)'),
(900, 14, 'Céréales chocolatées pour petit déjeuner, non fourrées, (non enrichies en vitamines et minéraux)'),
(901, 14, 'Pétales de maïs natures (non enrichis en vitamines et minéraux)'),
(902, 14, 'Céréales pour petit déjeuner fourrées au chocolat ou chocolat-noisettes, enrichies en vitamines et minéraux'),
(903, 14, 'Céréales pour petit déjeuner fourrées au chocolat ou chocolat-noisettes'),
(904, 14, 'Céréales pour petit déjeuner fourrées, fourrage autre que chocolat, enrichies en vitamines et minéraux'),
(905, 14, 'Céréales pour petit déjeuner \"équilibre\" nature ou au miel, enrichies en vitamines et minéraux'),
(906, 14, 'Céréales pour petit déjeuner \"équilibre\" au chocolat, enrichies en vitamines et minéraux'),
(907, 14, 'Céréales pour petit déjeuner \"équilibre\" aux fruits, enrichies en vitamines et minéraux'),
(908, 14, 'Céréales pour petit déjeuner \"équilibre\" aux fruits secs (à coque), enrichis en vitamines et minéraux'),
(909, 14, 'Céréales pour petit déjeuner \"équilibre\" au chocolat (non enrichies en vitamines et minéraux)'),
(910, 14, 'Céréales pour petit déjeuner \"équilibre\" aux fruits (non enrichies en vitamines et minéraux)'),
(911, 14, 'Céréales pour petit déjeuner \"équilibre\" nature (non enrichies en vitamines et minéraux)'),
(912, 14, 'Céréales pour petit déjeuner, enrichies en vitamines et minéraux (aliment moyen)'),
(913, 14, 'Céréales pour petit déjeuner, non enrichies en vitamines et minéraux (aliment moyen)'),
(914, 14, 'Pétales de maïs glacés au sucre (non enrichis en vitamines et minéraux)'),
(915, 14, 'Muesli croustillant aux fruits et/ou fruits secs, graines (non enrichi en vitamines et minéraux)'),
(916, 14, 'Muesli croustillant au chocolat (non enrichi en vitamines et minéraux)'),
(917, 14, 'Muesli floconneux aux fruits ou fruits secs, enrichi en vitamines et minéraux'),
(918, 14, 'Muesli croustillant aux fruits ou fruits secs, enrichi en vitamines et minéraux'),
(919, 14, 'Muesli croustillant au chocolat, avec ou sans fruits, enrichi en vitamines et minéraux'),
(920, 14, 'Muesli floconneux aux fruits ou fruits secs, sans sucres ajoutés'),
(921, 14, 'Grains de blé soufflés chocolatés, enrichis en vitamines et minéraux'),
(922, 14, 'Céréales pour petit déjeuner très riches en fibres, enrichies en vitamines et minéraux'),
(923, 14, 'Pétales de maïs glacés au sucre, enrichis en vitamines et minéraux'),
(924, 14, 'Pétales de blé avec noix, noisettes ou amandes, enrichis en vitamines et minéraux'),
(925, 14, 'Muesli floconneux ou de type traditionnel'),
(926, 14, 'Boules de maïs soufflées au miel (non enrichies en vitamines et minéraux)'),
(927, 14, 'Blé khorasan complet soufflé'),
(928, 14, 'Riz soufflé chocolaté, enrichi en vitamines et minéraux'),
(929, 14, 'Boules de maïs soufflées au miel, enrichies en vitamines et minéraux'),
(930, 14, 'Céréales complètes soufflées, enrichies en vitamines et minéraux'),
(931, 14, 'Multi-céréales soufflées ou extrudées, enrichies en vitamines et minéraux'),
(932, 14, 'Muesli floconneux aux fruits ou fruits secs (non enrichi en vitamines et minéraux)'),
(933, 14, 'Muesli enrichi en vitamines et minéraux (aliment moyen)'),
(934, 14, 'Flocon d\'avoine précuit'),
(935, 14, 'Muesli non enrichi en vitamines et minéraux (aliment moyen)'),
(936, 14, 'Barre céréalière pour petit déjeuner au lait, chocolatée ou non, enrichie en vitamines et minéraux'),
(937, 14, 'Barre céréalière \"équilibre\" aux fruits, enrichie en vitamines et minéraux'),
(938, 14, 'Barre céréalière \"équilibre\" chocolatée, enrichie en vitamines et minéraux'),
(939, 14, 'Barre céréalière diététique hypocalorique'),
(940, 14, 'Barre céréalière chocolatée'),
(941, 14, 'Barre céréalière aux fruits'),
(942, 14, 'Barre céréalière aux amandes ou noisettes'),
(943, 14, 'Tartine craquante, extrudée et grillée, fourrée au chocolat'),
(944, 14, 'Tartine craquante, extrudée et grillée, fourrée aux fruits'),
(945, 14, 'Macaron sec'),
(946, 14, 'Biscuit sec, sans précision'),
(947, 14, 'Biscuit sec nature'),
(948, 14, 'Biscuit sec à teneur garantie en vitamines'),
(949, 14, 'Biscuit sec à teneur garantie en vitamines et minéraux'),
(950, 14, 'Biscuit sec aux fruits, hyposodé'),
(951, 14, 'Biscuit sec croquant au chocolat, allégé en matière grasse'),
(952, 14, 'Biscuit sec fourré aux fruits, allégé en matière grasse'),
(953, 14, 'Spéculoos'),
(954, 14, 'Biscuit sec, avec matière grasse végétale'),
(955, 14, 'Biscuit sec, petits fours en assortiment'),
(956, 14, 'Biscuit sec petit beurre'),
(957, 14, 'Biscuit sec avec tablette de chocolat'),
(958, 14, 'Biscuit sec petit beurre au chocolat'),
(959, 14, 'Biscuit sec au lait'),
(960, 14, 'Biscuit sec croquant (ex : tuile) sans chocolat, allégé en matière grasse'),
(961, 14, 'Biscuit sec pour petit déjeuner'),
(962, 14, 'Biscuit sec pour petit déjeuner, allégé en sucres'),
(963, 14, 'Biscuit sec chocolaté, préemballé'),
(964, 14, 'Biscuit sec fourré à la pâte ou purée de fruits'),
(965, 14, 'Biscuit sec avec nappage chocolat'),
(966, 14, 'Barre biscuitée fourrée aux fruits, allégée en matière grasse'),
(967, 14, 'Biscuit sec pour petit déjeuner, au chocolat'),
(968, 14, 'Biscuit aux céréales pour petit déjeuner, enrichis en vitamines et minéraux'),
(969, 14, 'Biscuit sec au beurre, sablé, galette ou palet'),
(970, 14, 'Biscuit sec au beurre, sablé, galette ou palet, au chocolat'),
(971, 14, 'Biscuit sec chocolaté, type barquette'),
(972, 14, 'Biscuit sec chocolaté, type tartelette'),
(973, 14, 'Biscuit sec chocolaté, type galette'),
(974, 14, 'Biscuit sec, sablé, galette ou palet, aux fruits'),
(975, 14, 'Biscuit sec fourré fruits à coque (non ou légèrement chocolaté)'),
(976, 14, 'Florentin (biscuit sec sucré chocolaté aux amandes)'),
(977, 14, 'Biscuit pâtissier meringué'),
(978, 14, 'Sablé à la noix de coco'),
(979, 14, 'Sablé pâtissier'),
(980, 14, 'Sablé aux fruits (pomme, fruits rouges, etc.)'),
(981, 14, 'Sablé au cacao ou chocolat, au praliné ou autre'),
(982, 14, 'Goûter sec fourré (\"sandwiché\") parfum lait ou vanille'),
(983, 14, 'Goûter sec fourré (\"sandwiché\") parfum chocolat'),
(984, 14, 'Goûter sec fourré (\"sandwiché\") parfum fruits'),
(985, 14, 'Gaufrette ou éventail sans fourrage'),
(986, 14, 'Gaufrette fourrée chocolat, préemballée'),
(987, 14, 'Gaufrette fourrée fruits à coque (noisette, amande, praline, etc.), chocolatée ou non, préemballée'),
(988, 14, 'Gaufrette, fourrée vanille, préemballée'),
(989, 14, 'Gaufrette fourrée, aux fruits'),
(990, 14, 'Cigarette'),
(991, 14, 'Crêpe dentelle'),
(992, 14, 'Crêpe dentelle au chocolat, préemballée'),
(993, 14, 'Biscuit sec aux œufs à la cuillère (cuiller) ou Boudoir'),
(994, 14, 'Biscuit sec type langue de chat ou cigarette russe'),
(995, 14, 'Meringue'),
(996, 14, 'Biscuit sec ou tuile, aux amandes'),
(997, 14, 'Biscuit sec type tuile, aux fruits'),
(998, 14, 'Biscuit sec feuilleté, type palmier ou autres'),
(999, 14, 'Palmier, artisanal'),
(1000, 14, 'Biscuit sec (génoise) nappage aux fruits, type barquette'),
(1001, 14, 'Biscuit sec nappé aux fruits, tartelette'),
(1002, 14, 'Biscuit moelleux fourré à l\'orange et enrobé de sucre glace'),
(1003, 14, 'Cookie aux pépites de chocolat'),
(1004, 14, 'Cône ou cornet classique, pour glace'),
(1005, 14, 'Génoise sèche fourrée aux fruits et nappée de chocolat'),
(1006, 14, 'Biscuit sec pauvre en glucides'),
(1007, 14, 'Pop-corn ou Maïs éclaté, à l\'huile, salé'),
(1008, 14, 'Pop-corn ou Maïs éclaté, à l\'air, non salé'),
(1009, 14, 'Pop-corn ou Maïs éclaté, au caramel'),
(1010, 14, 'Chips de crevette'),
(1011, 14, 'Chips de maïs ou tortilla chips'),
(1012, 14, 'Biscuit apéritif soufflé, à base de pomme de terre'),
(1013, 14, 'Biscuit apéritif, mini bretzel ou sticks'),
(1014, 14, 'Biscuit apéritif soufflé, à base de pomme de terre et de soja'),
(1015, 14, 'Biscuit apéritif (aliment moyen)'),
(1016, 14, 'Biscuit apéritif soufflé, à base de maïs, sans cacahuète'),
(1017, 14, 'Biscuit apéritif, crackers, garni ou fourré, au fromage'),
(1018, 14, 'Biscuit apéritif, crackers, nature'),
(1019, 14, 'Biscuit apéritif, crackers, nature, allégé en matière grasse'),
(1020, 14, 'Biscuit apéritif soufflé, à base de maïs, à la cacahuète'),
(1021, 14, 'Biscuit apéritif à base de pomme de terre, type tuile salée'),
(1022, 14, 'Cacahuètes (arachide) enrobées d\'un biscuit, pour apéritif'),
(1023, 14, 'Biscuit apéritif feuilleté'),
(1024, 14, 'Crêpe dentelle (pour apéritif) au fromage, préemballée'),
(1025, 15, 'Gâteau (aliment moyen)'),
(1026, 15, 'Gâteau Paris-Brest (pâte à choux crème mousseline praliné)'),
(1027, 15, 'Gâteau au chocolat type forêt noire (génoise au chocolat et crème multi-couches, avec ou sans cerises)'),
(1028, 15, 'Gâteau mousse de fruits sur génoise, type miroir, bavarois'),
(1029, 15, 'Entremets type Opéra'),
(1030, 15, 'Fraisier ou framboisier'),
(1031, 15, 'Baba au rhum, préemballé'),
(1032, 15, 'Canelé'),
(1033, 15, 'Macaron moelleux fourré à la confiture ou à la crème'),
(1034, 15, 'Bûche de Noël pâtissière'),
(1035, 15, 'Brownie au chocolat'),
(1036, 15, 'Rocher coco ou Congolais (petit gâteau à la noix de coco)'),
(1037, 15, 'Biscuit de Savoie'),
(1038, 15, 'Quatre-quarts ou barre pâtissière, préemballé'),
(1039, 15, 'Gâteau au citron, tout type'),
(1040, 15, 'Far aux pruneaux'),
(1041, 15, 'Kouign Amann'),
(1042, 15, 'Pain d\'épices'),
(1043, 15, 'Baklava ou Baklawa (pâtisserie orientale aux amandes et sirop)'),
(1044, 15, 'Corne de gazelle (pâtisserie orientale aux amandes et sirop)'),
(1045, 15, 'Chou à la crème (chantilly ou pâtissière)'),
(1046, 15, 'Chou à la crème chantilly'),
(1047, 15, 'Chou à la crème pâtissière'),
(1048, 15, 'Éclair'),
(1049, 15, 'Tarte aux fruits et crème pâtissière'),
(1050, 15, 'Tarte normande aux pommes (garniture farine, œufs, crème, sucre, calvados)'),
(1051, 15, 'Tarte au citron'),
(1052, 15, 'Tarte ou tartelette aux pommes'),
(1053, 15, 'Tarte aux fraises'),
(1054, 15, 'Crumble aux pommes'),
(1055, 15, 'Tarte aux abricots'),
(1056, 15, 'Tarte aux fruits rouges'),
(1057, 15, 'Tarte Tatin aux pommes'),
(1058, 15, 'Tarte au chocolat, fabrication artisanale'),
(1059, 15, 'Tarte ou tartelette aux fruits'),
(1060, 15, 'Flan pâtissier aux oeufs ou à la parisienne'),
(1061, 15, 'Charlotte aux fruits'),
(1062, 15, 'Gâteau au chocolat'),
(1063, 15, 'Gâteau moelleux au chocolat, préemballé'),
(1064, 15, 'Gâteau au yaourt'),
(1065, 15, 'Gâteau au fromage blanc'),
(1066, 15, 'Gâteau moelleux nature type génoise');
INSERT INTO `ingredients` (`IDINGREDIENT`, `IDSOUSCATEGORIEINGREDIENT`, `NOMINGREDIENT`) VALUES
(1067, 15, 'Galette des rois feuilletée'),
(1068, 15, 'Galette des rois feuilletée, fourrée frangipane, et Pithiviers'),
(1069, 15, 'Crêpe, nature, préemballée, rayon frais'),
(1070, 15, 'Crêpe, nature, préemballée, rayon température ambiante'),
(1071, 15, 'Galette de sarrasin, nature, préemballée'),
(1072, 15, 'Gâteau basque, crème pâtissière'),
(1073, 15, 'Gâteau basque, cerises'),
(1074, 15, 'Crêpe préemballée, fourrée au sucre'),
(1075, 15, 'Crêpe maison, fourrée à la confiture'),
(1076, 15, 'Crêpe maison, fourrée au chocolat ou à la pâte à tartiner chocolat et noisettes'),
(1077, 15, 'Crêpe préemballée, fourrée chocolat'),
(1078, 15, 'Crêpe préemballée, fourrée fraise'),
(1079, 15, 'Gaufre moelleuse (type bruxelloise ou liégeoise), nature ou sucrée, préemballée'),
(1080, 15, 'Gaufre moelleuse (type bruxelloise ou liégeoise), chocolatée, préemballée'),
(1081, 15, 'Gaufre croustillante (fine ou sèche), nature ou sucrée, préemballée'),
(1082, 15, 'Gaufre croustillante (fine ou sèche), chocolatée, préemballée'),
(1083, 15, 'Beignet rond moelleux, sans fourrage, saupoudré de sucre'),
(1084, 15, 'Beignet à la confiture'),
(1085, 15, 'Beignet fourré aux fruits, préemballé'),
(1086, 15, 'Beignet fourré goût chocolat, préemballé'),
(1087, 15, 'Pâtisserie (aliment moyen)'),
(1088, 15, 'Cake aux fruits'),
(1089, 15, 'Gâteau marbré'),
(1090, 15, 'Gâteau sablé aux fruits, préemballé'),
(1091, 15, 'Gâteau moelleux aux fruits'),
(1092, 15, 'Gâteau moelleux aux fruits à coque'),
(1093, 15, 'Gâteau moelleux fourré au chocolat ou aux pépites de chocolat ou au lait'),
(1094, 15, 'Génoise fourrée et nappée au chocolat'),
(1095, 15, 'Gâteau moelleux fourré aux fruits type mini-roulé ou mini-cake fourré'),
(1096, 15, 'Muffin, aux myrtilles ou au chocolat'),
(1097, 15, 'Madeleine traditionnelle, pur beurre'),
(1098, 15, 'Madeleine chocolatée, préemballée'),
(1099, 15, 'Madeleine ordinaire, préemballée'),
(1100, 15, 'Tarte aux poires amandine'),
(1101, 15, 'Gâteau aux amandes type financier'),
(1102, 15, 'Gâteau aux amandes, préemballé'),
(1103, 15, 'Mille-feuille'),
(1104, 16, 'Fécule de pomme de terre'),
(1105, 16, 'Flocon d\'avoine'),
(1106, 16, 'Farine de blé tendre ou froment T110'),
(1107, 16, 'Farine de blé tendre ou froment T150'),
(1108, 16, 'Farine de blé tendre ou froment T65'),
(1109, 16, 'Farine de blé tendre ou froment T55 (pour pains)'),
(1110, 16, 'Farine de blé tendre ou froment avec levure incorporée'),
(1111, 16, 'Farine de blé tendre ou froment T45 (pour pâtisserie)'),
(1112, 16, 'Farine de blé tendre ou froment T80'),
(1113, 16, 'Farine d\'épeautre (grand épeautre)'),
(1114, 16, 'Amidon de maïs ou fécule de maïs'),
(1115, 16, 'Farine de riz'),
(1116, 16, 'Farine de seigle T170'),
(1117, 16, 'Farine de seigle T85'),
(1118, 16, 'Farine de seigle T130'),
(1119, 16, 'Farine de sarrasin'),
(1120, 16, 'Farine de maïs'),
(1121, 16, 'Farine d\'orge'),
(1122, 16, 'Farine de millet'),
(1123, 16, 'Farine de pois chiche'),
(1124, 16, 'Farine de soja'),
(1125, 16, 'Amidon de riz'),
(1126, 16, 'Pâte à pizza fine, crue'),
(1127, 16, 'Préparation pour pâte à pizza'),
(1128, 16, 'Pâte brisée, crue'),
(1129, 16, 'Pâte brisée, matière grasse végétale, cuite'),
(1130, 16, 'Pâte brisée, pur beurre, crue'),
(1131, 16, 'Pâte brisée, pur beurre, surgelée, crue'),
(1132, 16, 'Pâte feuilletée, matière grasse végétale, crue'),
(1133, 16, 'Pâte feuilletée, surgelée, crue'),
(1134, 16, 'Pâte feuilletée, cuite'),
(1135, 16, 'Pâte feuilletée pur beurre, crue'),
(1136, 16, 'Pâte feuilletée pur beurre, surgelée crue'),
(1137, 16, 'Pâte feuilletée pur beurre, cuite'),
(1138, 16, 'Feuille de brick, cuite à sec sans matière grasse'),
(1139, 16, 'Pâte sablée, crue'),
(1140, 16, 'Pâte sablée, cuite'),
(1141, 16, 'Pâte sablée pur beurre, crue'),
(1142, 16, 'Pâte phyllo ou Pâte filo, crue'),
(1143, 16, 'Pâte sablée pur beurre, surgelée, crue'),
(1144, 16, 'Pâte sablée pur beurre, cuite'),
(1145, 16, 'Pâte à pizza crue'),
(1146, 16, 'Khatfa feuille de brick, préemballée'),
(1147, 16, 'Pâte à pizza cuite'),
(1148, 17, 'Foie gras, canard, bloc (aliment moyen)'),
(1149, 17, 'Viande blanche, cuite (aliment moyen)'),
(1150, 17, 'Viande rouge, cuite (aliment moyen)'),
(1151, 17, 'Viande cuite (aliment moyen)'),
(1152, 17, 'Volaille, cuite (aliment moyen)'),
(1153, 17, 'Abat, cuit (aliment moyen)'),
(1154, 17, 'Boeuf, entrecôte, partie maigre, grillée/poêlée'),
(1155, 17, 'Boeuf, braisé'),
(1156, 17, 'Boeuf, gîte à la noix, cuit'),
(1157, 17, 'Boeuf, faux-filet, rôti/cuit au four'),
(1158, 17, 'Boeuf, faux-filet, grillé/poêlé'),
(1159, 17, 'Boeuf, plat de côtes, braisé'),
(1160, 17, 'Boeuf, hampe, grillée/poêlée'),
(1161, 17, 'Boeuf, joue, braisée ou bouillie'),
(1162, 17, 'Boeuf, jarret, bouilli/cuit à l\'eau'),
(1163, 17, 'Boeuf, tende de tranche, grillée/poêlée'),
(1164, 17, 'Boeuf, tende de tranche, rôtie/cuite au four'),
(1165, 17, 'Boeuf, steak ou bifteck, grillé'),
(1166, 17, 'Boeuf, onglet, grillé'),
(1167, 17, 'Boeuf, rumsteck, grillé'),
(1168, 17, 'Boeuf, boule de macreuse, grillée/poêlée'),
(1169, 17, 'Boeuf, rosbif, rôti/cuit au four'),
(1170, 17, 'Boeuf, bavette d\'aloyau, grillée/poêlée'),
(1171, 17, 'Boeuf, boule de macreuse, rôtie/cuite au four'),
(1172, 17, 'Boeuf, à bourguignon ou pot-au-feu, cuit'),
(1173, 17, 'Boeuf, collier, braisé'),
(1174, 17, 'Bœuf, steak haché 5% MG, cuit'),
(1175, 17, 'Bœuf, steak haché 10% MG, cuit'),
(1176, 17, 'Bœuf, steak haché 15% MG, cuit'),
(1177, 17, 'Bœuf, steak haché 20% MG, cuit'),
(1178, 17, 'Bœuf, steak haché, cuit (aliment moyen)'),
(1179, 17, 'Boeuf, paleron, braisé ou bouilli'),
(1180, 17, 'Boeuf, queue, bouillie/cuite à l\'eau'),
(1181, 17, 'Veau, côte, grillée/poêlée'),
(1182, 17, 'Veau, carré, sauté/poêlé'),
(1183, 17, 'Veau, escalope, cuite'),
(1184, 17, 'Veau, noix, grillée/poêlée'),
(1185, 17, 'Veau, noix, rôtie'),
(1186, 17, 'Veau, filet, rôti/cuit au four'),
(1187, 17, 'Veau, rôti, cuit'),
(1188, 17, 'Veau, épaule, grillée/poêlée'),
(1189, 17, 'Veau, épaule, braisée ou bouillie'),
(1190, 17, 'Veau, viande, cuite (aliment moyen)'),
(1191, 17, 'Veau, jarret, braisé ou bouilli'),
(1192, 17, 'Veau, tête, bouillie/cuite à l\'eau'),
(1193, 17, 'Veau, collier, braisé ou bouilli'),
(1194, 17, 'Porc, longe, cuite'),
(1195, 17, 'Porc, épaule, cuite'),
(1196, 17, 'Porc, côte, grillée'),
(1197, 17, 'Porc, rouelle de jambon, cuite'),
(1198, 17, 'Porc, carré, cuit'),
(1199, 17, 'Porc, filet, maigre, en rôti, cuit'),
(1200, 17, 'Porc, filet mignon, cuit'),
(1201, 17, 'Porc, viande, cuite (aliment moyen)'),
(1202, 17, 'Porc, rôti, cuit'),
(1203, 17, 'Porc, travers, braisé'),
(1204, 17, 'Porc, échine, rôtie/cuite au four'),
(1205, 17, 'Porc, escalope de jambon, cuite'),
(1206, 17, 'Poulet, cuisse, viande et peau, rôtie/cuite au four'),
(1207, 17, 'Poulet, viande et peau, rôti/cuit au four'),
(1208, 17, 'Poulet, cuisse, viande, rôti/cuit au four'),
(1209, 17, 'Poulet, filet, sans peau, cuit'),
(1210, 17, 'Poulet, cuisse, viande, bouilli/cuit à l\'eau'),
(1211, 17, 'Poulet, cuisse, viande et peau, bouilli/cuit à l\'eau'),
(1212, 17, 'Poulet, poitrine, viande et peau, rôti/cuit au four'),
(1213, 17, 'Poulet, aile, viande et peau, rôti/cuit au four'),
(1214, 17, 'Dinde, viande, rôtie/cuite au four'),
(1215, 17, 'Dinde, escalope, sautée/poêlée'),
(1216, 17, 'Dinde, escalope, rôtie/cuite au four'),
(1217, 17, 'Agneau, côtelette, grillée'),
(1218, 17, 'Agneau, gigot, rôti/cuit au four'),
(1219, 17, 'Agneau, épaule, rôtie/cuite au four'),
(1220, 17, 'Agneau, épaule, maigre, rôtie/cuite au four'),
(1221, 17, 'Agneau, collier, braisé ou bouilli'),
(1222, 17, 'Agneau, côte filet, grillée/poêlée'),
(1223, 17, 'Agneau, côte première, grillée/poêlée'),
(1224, 17, 'Agneau, selle, partie maigre, rôtie/cuite au four'),
(1225, 17, 'Agneau, gigot, grillé/poêlé'),
(1226, 17, 'Agneau, gigot, braisé'),
(1227, 17, 'Agneau, selle, partie maigre, grillée/poêlée'),
(1228, 17, 'Agneau, côte ou côtelette, cuite (aliment moyen)'),
(1229, 17, 'Agneau, viande, cuite (aliment moyen)'),
(1230, 17, 'Agneau, côte ou côtelette, grillée/poêlée (aliment moyen)'),
(1231, 17, 'Chevreuil, rôti/cuit au four'),
(1232, 17, 'Sanglier, rôti/cuit au four'),
(1233, 17, 'Cerf, rôti/cuit au four'),
(1234, 17, 'Gibier à poil, cuit (aliment moyen)'),
(1235, 17, 'Faisan, viande, rôtie/cuite au four'),
(1236, 17, 'Gibier à plumes, viande, cuit (aliment moyen)'),
(1237, 17, 'Cheval, viande, rôtie/cuite au four'),
(1238, 17, 'Cheval, tende de tranche, grillée/poêlée'),
(1239, 17, 'Cheval, faux-filet, grillé/poêlé'),
(1240, 17, 'Cheval, entrecôte, grillée/poêlée'),
(1241, 17, 'Cheval, faux-filet, rôti/cuit au four'),
(1242, 17, 'Cheval, tende de tranche, rôtie/cuite au four'),
(1243, 17, 'Chevreau, cuit'),
(1244, 17, 'Lapin, viande braisée'),
(1245, 17, 'Lapin, viande cuite'),
(1246, 17, 'Lapin de garenne, viande, cuite'),
(1247, 17, 'Chapon, viande et peau, rôti/cuit au four'),
(1248, 17, 'Caille, viande et peau, cuite'),
(1249, 17, 'Canard, viande et peau, rôti/cuit au four'),
(1250, 17, 'Canard, viande, rôtie/cuite au four'),
(1251, 17, 'Canard, magret, grillé/poêlé'),
(1252, 17, 'Oie, viande, rôtie/cuite au four'),
(1253, 17, 'Oie, viande et peau, rôtie/cuite au four'),
(1254, 17, 'Pigeon, viande, rôtie/cuite au four'),
(1255, 17, 'Autruche, viande cuite'),
(1256, 17, 'Cervelle, agneau, cuite'),
(1257, 17, 'Cervelle, porc, braisée'),
(1258, 17, 'Cervelle, veau, cuite'),
(1259, 17, 'Coeur, boeuf, cuit'),
(1260, 17, 'Coeur, poulet, cuit'),
(1261, 17, 'Coeur, dinde, cuit'),
(1262, 17, 'Coeur, agneau, cuit'),
(1263, 17, 'Foie, agneau, cuit'),
(1264, 17, 'Foie, génisse, cuit'),
(1265, 17, 'Foie, veau, cuit'),
(1266, 17, 'Foie, porc, cuit'),
(1267, 17, 'Foie, poulet, cuit'),
(1268, 17, 'Foie, dinde, cuit'),
(1269, 17, 'Langue, veau, cuite'),
(1270, 17, 'Langue, boeuf, cuite'),
(1271, 17, 'Ris, agneau, cuit'),
(1272, 17, 'Ris, veau, braisé ou sauté/poêlé'),
(1273, 17, 'Rognon, cuit (aliment moyen)'),
(1274, 17, 'Rognon, boeuf, cuit'),
(1275, 17, 'Rognon, porc, cuit'),
(1276, 17, 'Rognon, agneau, braisé'),
(1277, 17, 'Rognon, veau, braisé ou sauté/poêlé'),
(1278, 17, 'Gésier, canard, confit, appertisé'),
(1279, 18, 'Boeuf, côte, crue'),
(1280, 18, 'Boeuf, épaule, crue'),
(1281, 18, 'Boeuf, gîte à la noix, cru'),
(1282, 18, 'Boeuf, entrecôte, crue'),
(1283, 18, 'Boeuf, faux-filet, cru'),
(1284, 18, 'Boeuf, faux-filet, label rouge, cru'),
(1285, 18, 'Boeuf, plat de côtes, cru'),
(1286, 18, 'Boeuf, hampe, crue'),
(1287, 18, 'Boeuf, joue, crue'),
(1288, 18, 'Boeuf, jarret, cru'),
(1289, 18, 'Boeuf, tende de tranche, crue'),
(1290, 18, 'Boeuf, steak ou bifteck, cru'),
(1291, 18, 'Boeuf, boule de macreuse, crue'),
(1292, 18, 'Boeuf, onglet, cru'),
(1293, 18, 'Boeuf, rumsteck, cru'),
(1294, 18, 'Boeuf, bavette d\'aloyau, crue'),
(1295, 18, 'Boeuf, à bourguignon ou pot-au-feu, cru'),
(1296, 18, 'Bœuf, steak haché 5% MG, cru'),
(1297, 18, 'Bœuf, steak haché 10% MG, cru'),
(1298, 18, 'Bœuf, steak haché 15% MG, cru'),
(1299, 18, 'Bœuf, steak haché 20% MG, cru'),
(1300, 18, 'Boeuf, paleron, cru'),
(1301, 18, 'Veau, côte, crue'),
(1302, 18, 'Veau, carré, cru'),
(1303, 18, 'Veau, escalope, crue'),
(1304, 18, 'Veau, noix, crue'),
(1305, 18, 'Veau, filet, cru'),
(1306, 18, 'Veau, steak haché 20% MG, cru'),
(1307, 18, 'Veau, steak haché 15% MG, cru'),
(1308, 18, 'Veau, poitrine, crue'),
(1309, 18, 'Veau, rôti, cru'),
(1310, 18, 'Veau, épaule, crue'),
(1311, 18, 'Veau, pied, cru'),
(1312, 18, 'Veau, jarret, cru'),
(1313, 18, 'Veau, collier, cru'),
(1314, 18, 'Porc, épaule, crue'),
(1315, 18, 'Porc, poitrine, crue'),
(1316, 18, 'Porc, longe, crue'),
(1317, 18, 'Porc, jarret, cru'),
(1318, 18, 'Porc, côte, crue'),
(1319, 18, 'Porc, rouelle de jambon, crue'),
(1320, 18, 'Porc, carré, cru'),
(1321, 18, 'Porc, filet, maigre, cru'),
(1322, 18, 'Porc, filet mignon, cru'),
(1323, 18, 'Porc, rôti, cru'),
(1324, 18, 'Porc, échine, crue'),
(1325, 18, 'Porc, travers, cru'),
(1326, 18, 'Porc, escalope de jambon, crue'),
(1327, 18, 'Porc, bardière découennée, crue'),
(1328, 18, 'Porc, gorge, découennée, crue'),
(1329, 18, 'Porc, hachage sans jarret, sans bateau, découenné, dégraisssé, désossé, cru'),
(1330, 18, 'Porc, jambon sans jarret, sans bateau, découenné, dégraisssé, désossé, cru'),
(1331, 18, 'Porc, jambonneau arrière, découenné, dégraisssé, désossé, cru'),
(1332, 18, 'Porc, maigre 90/10, cru'),
(1333, 18, 'Porc, maigre 80/20, cru'),
(1334, 18, 'Porc, palette, découennée, dégraisssée, désossée, crue'),
(1335, 18, 'Porc, couenne, crue'),
(1336, 18, 'Porc, poitrine cutter, sans mouille, crue'),
(1337, 18, 'Porc, rôti filet avec chaînette, cru'),
(1338, 18, 'Poulet, cuisse, viande et peau, cru'),
(1339, 18, 'Poulet, viande, crue'),
(1340, 18, 'Poulet (var. blanc), viande et peau, cru'),
(1341, 18, 'Poulet fermier, viande et peau, cru'),
(1342, 18, 'Poulet, viande et peau, cru'),
(1343, 18, 'Poulet, filet, sans peau, cru'),
(1344, 18, 'Poulet, haut de cuisse, viande, cru'),
(1345, 18, 'Poulet éviscéré sans abats, cru'),
(1346, 18, 'Poulet, pilon, cru'),
(1347, 18, 'Poulet, aile, viande et peau, cru'),
(1348, 18, 'Poulet, cuisse, viande, cru'),
(1349, 18, 'Poulet, poitrine, viande et peau, cru'),
(1350, 18, 'Dinde, viande et peau, crue'),
(1351, 18, 'Dinde, viande, crue'),
(1352, 18, 'Dinde, escalope, crue'),
(1353, 18, 'Dinde, cuisse, viande et peau, crue'),
(1354, 18, 'Dinde, cuisse, viande sans peau, crue'),
(1355, 18, 'Dinde, aile, crue'),
(1356, 18, 'Mouton, viande, crue'),
(1357, 18, 'Mouton, épaule, crue'),
(1358, 18, 'Mouton, pied, cru'),
(1359, 18, 'Mouton, tête, crue'),
(1360, 18, 'Mouton, gigot, cru'),
(1361, 18, 'Agneau, côtelette, crue'),
(1362, 18, 'Agneau, gigot, cru'),
(1363, 18, 'Agneau, épaule, crue'),
(1364, 18, 'Agneau, épaule, maigre, crue'),
(1365, 18, 'Agneau, collier, cru'),
(1366, 18, 'Agneau, selle, crue'),
(1367, 18, 'Agneau, côte filet, crue'),
(1368, 18, 'Agneau, côte première, crue'),
(1369, 18, 'Agneau, côte ou côtelette, crue (aliment moyen)'),
(1370, 18, 'Sanglier, cru'),
(1371, 18, 'Lièvre, viande crue'),
(1372, 18, 'Chevreuil, cru'),
(1373, 18, 'Cerf, cru'),
(1374, 18, 'Faisan, viande, cru'),
(1375, 18, 'Faisan, viande et peau, cru'),
(1376, 18, 'Cheval, viande, crue'),
(1377, 18, 'Cheval, steak, cru'),
(1378, 18, 'Cheval, tende de tranche, crue'),
(1379, 18, 'Cheval, faux-filet, cru'),
(1380, 18, 'Cheval, entrecôte, crue'),
(1381, 18, 'Chevreau, cru'),
(1382, 18, 'Lapin, viande crue'),
(1383, 18, 'Lapin de garenne, viande, crue'),
(1384, 18, 'Poule, viande et peau, crue'),
(1385, 18, 'Poule, viande ,crue'),
(1386, 18, 'Poule, cuisse, crue'),
(1387, 18, 'Chapon, viande et peau, cru'),
(1388, 18, 'Caille, viande et peau, crue'),
(1389, 18, 'Caille, viande, crue'),
(1390, 18, 'Canard, viande, crue'),
(1391, 18, 'Canard, cuisse avec peau, sans os, crue'),
(1392, 18, 'Canard, viande et peau, cru'),
(1393, 18, 'Canard, magret, cru'),
(1394, 18, 'Oie, viande crue'),
(1395, 18, 'Oie, viande et peau, crue'),
(1396, 18, 'Pigeon, cru'),
(1397, 18, 'Pintade, crue'),
(1398, 18, 'Pintade, poitrine, crue'),
(1399, 18, 'Pintade, cuisse, crue'),
(1400, 18, 'Autruche, viande crue'),
(1401, 18, 'Cervelle, agneau, crue'),
(1402, 18, 'Cervelle, porc, crue'),
(1403, 18, 'Cervelle, veau, crue'),
(1404, 18, 'Coeur, boeuf, cru'),
(1405, 18, 'Coeur, poulet, cru'),
(1406, 18, 'Coeur, dinde, cru'),
(1407, 18, 'Coeur, agneau, cru'),
(1408, 18, 'Coeur, porc, cru'),
(1409, 18, 'Coeur, veau, cru'),
(1410, 18, 'Foie, agneau, cru'),
(1411, 18, 'Foie, génisse, cru'),
(1412, 18, 'Foie, veau, cru'),
(1413, 18, 'Foie, volaille, cru'),
(1414, 18, 'Foie, lapin, cru'),
(1415, 18, 'Foie, poulet, cru'),
(1416, 18, 'Foie, dinde, cru'),
(1417, 18, 'Foie, porc, cru'),
(1418, 18, 'Foie, oie, cru'),
(1419, 18, 'Foie, canard, cru'),
(1420, 18, 'Langue, boeuf, crue'),
(1421, 18, 'Langue, veau, crue'),
(1422, 18, 'Langue, porc, crue'),
(1423, 18, 'Ris, agneau, cru'),
(1424, 18, 'Ris, veau, cru'),
(1425, 18, 'Rognon, boeuf, cru'),
(1426, 18, 'Rognon, porc, cru'),
(1427, 18, 'Rognon, agneau, cru'),
(1428, 18, 'Rognon, veau, cru'),
(1429, 18, 'Tripes, boeuf, crues'),
(1430, 18, 'Sang, boeuf, cru'),
(1431, 18, 'Gésier, poulet, cru'),
(1432, 19, 'Charcuterie (aliment moyen)'),
(1433, 19, 'Jambon persillé en gelée'),
(1434, 19, 'Jambon de porc à cuire ou Jambon à rôtir/cuire au four'),
(1435, 19, 'Filet de bacon'),
(1436, 19, 'Jambon cuit, fumé'),
(1437, 19, 'Jambon cuit, supérieur'),
(1438, 19, 'Jambon cuit, supérieur, avec couenne'),
(1439, 19, 'Jambon cuit, supérieur, découenné'),
(1440, 19, 'Jambon à l\'os braisé'),
(1441, 19, 'Jambon cuit, supérieur, découenné dégraissé'),
(1442, 19, 'Jambon cuit, supérieur, à teneur réduite en sel'),
(1443, 19, 'Jambon cuit, choix'),
(1444, 19, 'Épaule de porc, cuite, choix, découennée dégraissée'),
(1445, 19, 'Jambon cuit, choix, avec couenne'),
(1446, 19, 'Jambon cuit, choix, découenné dégraissé'),
(1447, 19, 'Rond de jambon cuit'),
(1448, 19, 'Dés, allumettes, râpé ou haché de jambon'),
(1449, 19, 'Épaule de porc, cuite, standard, découennée dégraissée'),
(1450, 19, 'Jambon cuit, de Paris, découenné dégraissé'),
(1451, 19, 'Dés, allumettes, râpé ou haché de jambon de volaille'),
(1452, 19, 'Jambonneau, cuit'),
(1453, 19, 'Jambon de poulet ou Blanc de poulet en tranche'),
(1454, 19, 'Jambon de dinde ou Blanc de dinde en tranche'),
(1455, 19, 'Jambon cru'),
(1456, 19, 'Jambon cru, fumé'),
(1457, 19, 'Jambon sec, découenné, dégraissé'),
(1458, 19, 'Jambon cru, fumé, allégé en matière grasse'),
(1459, 19, 'Jambon de Bayonne'),
(1460, 19, 'Jambon sec'),
(1461, 19, 'Jambon sec de Parme'),
(1462, 19, 'Jambon sec Serrano'),
(1463, 19, 'Coppa'),
(1464, 19, 'Pancetta ou Poitrine roulée sèche'),
(1465, 19, 'Saucisson sec'),
(1466, 19, 'Saucisson sec pur porc'),
(1467, 19, 'Saucisson sec pur porc, qualité supérieure'),
(1468, 19, 'Rosette ou Fuseau'),
(1469, 19, 'Saucisse sèche'),
(1470, 19, 'Saucisson sec aux noix et/ou noisettes'),
(1471, 19, 'Chipolata, cuite'),
(1472, 19, 'Saucisse de Toulouse, cuite'),
(1473, 19, 'Chair à saucisse, crue'),
(1474, 19, 'Chair à saucisse, pur porc, crue'),
(1475, 19, 'Chair à saucisse, porc et bœuf, crue'),
(1476, 19, 'Saucisse de Morteau'),
(1477, 19, 'Saucisse de Montbéliard'),
(1478, 19, 'Saucisse de Morteau, bouillie/cuite à l\'eau'),
(1479, 19, 'Saucisse de Toulouse, crue'),
(1480, 19, 'Chipolata, crue'),
(1481, 19, 'Saucisse suisse à cuire'),
(1482, 19, 'Saucisse alsacienne fumée ou Gendarme'),
(1483, 19, 'Saucisse de volaille, façon charcutière'),
(1484, 19, 'Saucisse de volaille, type Knack'),
(1485, 19, 'Saucisse de Francfort'),
(1486, 19, 'Merguez, crue'),
(1487, 19, 'Merguez, pur bœuf, crue'),
(1488, 19, 'Merguez, porc et bœuf, crue'),
(1489, 19, 'Merguez, bœuf, mouton et porc, crue'),
(1490, 19, 'Merguez, boeuf et mouton, cuite'),
(1491, 19, 'Merguez, boeuf et mouton, crue'),
(1492, 19, 'Saucisse de foie'),
(1493, 19, 'Diot, cru'),
(1494, 19, 'Saucisse de Strasbourg ou Knack'),
(1495, 19, 'Saucisse cocktail'),
(1496, 19, 'Saucisse viennoise, crue'),
(1497, 19, 'Saucisse de jambon pur porc'),
(1498, 19, 'Saucisse de bière'),
(1499, 19, 'Saucisse de langue à la pistache'),
(1500, 19, 'Saucisse (aliment moyen)'),
(1501, 19, 'Confit de foie de porc'),
(1502, 19, 'Confit de foie de volaille'),
(1503, 19, 'Pâté au poivre vert'),
(1504, 19, 'Pâté ou terrine de campagne'),
(1505, 19, 'Pâté breton'),
(1506, 19, 'Terrine de canard'),
(1507, 19, 'Pâté de lapin'),
(1508, 19, 'Terrine de lapin'),
(1509, 19, 'Pâté de gibier'),
(1510, 19, 'Pâté ou terrine aux champignons (forestier)'),
(1511, 19, 'Pâté de foie de porc, supérieur'),
(1512, 19, 'Pâté de foie de porc'),
(1513, 19, 'Mousse de foie de porc supérieure ou Crème de foie'),
(1514, 19, 'Mousse de foie de porc'),
(1515, 19, 'Mousse de canard'),
(1516, 19, 'Pâté de foie de volaille'),
(1517, 19, 'Pâté de foie d\'oie'),
(1518, 19, 'Pâté (aliment moyen)'),
(1519, 19, 'Pâté en croûte'),
(1520, 19, 'Rillettes traditionnelles de porc'),
(1521, 19, 'Rillettes pur porc'),
(1522, 19, 'Rillettes de Tours'),
(1523, 19, 'Rillettes du Mans'),
(1524, 19, 'Rillettes pur oie'),
(1525, 19, 'Rillettes de canard'),
(1526, 19, 'Rillettes d\'oie'),
(1527, 19, 'Rillettes de poulet'),
(1528, 19, 'Quenelle de veau, en sauce'),
(1529, 19, 'Quenelle de volaille, crue'),
(1530, 19, 'Quenelle de volaille, en sauce'),
(1531, 19, 'Quenelle de poisson, en sauce'),
(1532, 19, 'Quenelle de poisson, crue'),
(1533, 19, 'Quenelle nature, crue'),
(1534, 19, 'Confit de canard, viande (cuisse), sans peau, réchauffé'),
(1535, 19, 'Confit de canard'),
(1536, 19, 'Canard, magret fumé'),
(1537, 19, 'Foie gras, canard, entier, cuit'),
(1538, 19, 'Foie gras, canard, bloc, sans morceaux'),
(1539, 19, 'Foie gras, canard, bloc, 30% de morceaux'),
(1540, 19, 'Foie gras, canard, bloc, 50% de morceaux'),
(1541, 19, 'Foie gras de canard, cru'),
(1542, 19, 'Galantine (aliment moyen)'),
(1543, 19, 'Roulade de porc pistachée'),
(1544, 19, 'Jambon en croûte'),
(1545, 19, 'Fromage de tête'),
(1546, 19, 'Museau de porc vinaigrette'),
(1547, 19, 'Museau de boeuf'),
(1548, 19, 'Andouille'),
(1549, 19, 'Andouille de Guéméné'),
(1550, 19, 'Andouille, réchauffée à la poêle'),
(1551, 19, 'Andouille de Vire'),
(1552, 19, 'Andouillette, crue'),
(1553, 19, 'Andouillette, sautée/poêlée'),
(1554, 19, 'Andouillette de Troyes, crue'),
(1555, 19, 'Boudin noir, rayon frais'),
(1556, 19, 'Boudin noir, sauté/poêlé'),
(1557, 19, 'Boudin noir ou blanc, sauté/poêlé (aliment moyen)'),
(1558, 19, 'Boudin blanc truffé, cru'),
(1559, 19, 'Museau de boeuf en vinaigrette'),
(1560, 19, 'Lardon nature, cru'),
(1561, 19, 'Poitrine de porc, fumée, crue'),
(1562, 19, 'Bresaola'),
(1563, 19, 'Lardon nature, cuit'),
(1564, 19, 'Corned-beef, appertisé'),
(1565, 19, 'Oreille de porc demi-sel'),
(1566, 19, 'Pied de porc demi-sel'),
(1567, 19, 'Poitrine de porc demi-sel'),
(1568, 19, 'Lardon fumé, cru'),
(1569, 19, 'Lardon fumé, cuit'),
(1570, 19, 'Viande des Grisons'),
(1571, 19, 'Haché de volaille'),
(1572, 19, 'Rôti de volaille en salaison, cuit'),
(1573, 19, 'Chorizo'),
(1574, 19, 'Chorizo supérieur, doux ou fort, type saucisse sèche'),
(1575, 19, 'Chorizo supérieur, doux ou fort, type charcuterie en tranches'),
(1576, 19, 'Salami'),
(1577, 19, 'Salami pur porc'),
(1578, 19, 'Salami porc et boeuf'),
(1579, 19, 'Salami type danois'),
(1580, 19, 'Saucisson à l\'ail'),
(1581, 19, 'Saucisson cuit pur porc'),
(1582, 19, 'Saucisson de Paris'),
(1583, 19, 'Saucisson de Paris, fumé'),
(1584, 19, 'Saucisson brioché, cuit'),
(1585, 19, 'Cervelas'),
(1586, 19, 'Cervelas obernois'),
(1587, 19, 'Cervelas à l\'ail, pur porc'),
(1588, 19, 'Mortadelle'),
(1589, 19, 'Mortadelle, pur porc'),
(1590, 19, 'Mortadelle, porc et boeuf'),
(1591, 19, 'Mortadelle pistachée pur porc'),
(1592, 20, 'Haché à base de bœuf ou Préparation de viande hachée de boeuf, 15% MG, cru'),
(1593, 20, 'Cordon bleu de volaille'),
(1594, 20, 'Boeuf, boulettes cuites'),
(1595, 20, 'Veau, escalope panée, cuite'),
(1596, 20, 'Boulettes au porc et au bœuf (à la suédoise), crues'),
(1597, 20, 'Boulettes au bœuf et à l\'agneau (type kefta), crues'),
(1598, 20, 'Brochette de volaille'),
(1599, 20, 'Brochette de boeuf'),
(1600, 20, 'Brochette mixte de viande'),
(1601, 20, 'Volaille, croquette panée ou nuggets'),
(1602, 20, 'Brochette d\'agneau'),
(1603, 20, 'Brochette de porc, crue'),
(1604, 20, 'Poulet, croquette panée ou nuggets'),
(1605, 20, 'Poulet, manchons marinés, rôtis/cuits au four'),
(1606, 20, 'Poulet, escalope panée'),
(1607, 20, 'Dinde, escalope viennoise ou milanaise ou escalope panée'),
(1608, 21, 'Saumon, cuit, sans précision (aliment moyen)'),
(1609, 21, 'Cabillaud, cuit, sans précision (aliment moyen)'),
(1610, 21, 'Hareng fumé, filet, doux'),
(1611, 21, 'Carrelet ou plie, cuit à la vapeur'),
(1612, 21, 'Églefin, cuit à la vapeur'),
(1613, 21, 'Hareng, frit'),
(1614, 21, 'Hareng fumé, au naturel'),
(1615, 21, 'Hareng, grillé/poêlé'),
(1616, 21, 'Lieu noir, cuit'),
(1617, 21, 'Limande-sole, cuite à la vapeur'),
(1618, 21, 'Maquereau, rôti/cuit au four'),
(1619, 21, 'Maquereau, frit'),
(1620, 21, 'Merlan, frit'),
(1621, 21, 'Merlan, cuit à la vapeur'),
(1622, 21, 'Cabillaud, rôti/cuit au four'),
(1623, 21, 'Morue, salée, bouillie/cuite à l\'eau'),
(1624, 21, 'Cabillaud, cuit à la vapeur'),
(1625, 21, 'Mulet, rôti/cuit au four'),
(1626, 21, 'Raie, rôtie/cuite au four'),
(1627, 21, 'Roussette ou petite roussette ou saumonette, cuite'),
(1628, 21, 'Saumon fumé'),
(1629, 21, 'Saumon, cuit à la vapeur'),
(1630, 21, 'Thon, rôti/cuit au four'),
(1631, 21, 'Sole, cuite à la vapeur'),
(1632, 21, 'Sole, rôtie/cuite au four'),
(1633, 21, 'Sole, bouillie/cuite à l\'eau'),
(1634, 21, 'Sole, frite'),
(1635, 21, 'Raie, cuite au court-bouillon'),
(1636, 21, 'Lotte ou baudroie, grillée/poêlée'),
(1637, 21, 'Maquereau, fumé'),
(1638, 21, 'Haddock (fumé) ou églefin fumé'),
(1639, 21, 'Espadon, rôti/cuit au four'),
(1640, 21, 'Turbot, rôti/cuit au four'),
(1641, 21, 'Merlu, cuit à l\'étouffée'),
(1642, 21, 'Églefin, grillé/poêlé'),
(1643, 21, 'Sardine, grillée'),
(1644, 21, 'Vivaneau, cuit'),
(1645, 21, 'Rascasse, cuite à la vapeur'),
(1646, 21, 'Lieu ou colin d\'Alaska, fumé'),
(1647, 21, 'Saumon, cuit au micro-ondes, élevage'),
(1648, 21, 'Saumon, bouilli/cuit à l\'eau, élevage'),
(1649, 21, 'Dorade grise, ou daurade grise, ou griset, rôtie/cuite au four'),
(1650, 21, 'Saumon, grillé/poêlé'),
(1651, 21, 'Saumon, élevage, rôti/cuit au four'),
(1652, 21, 'Hareng fumé, à l\'huile'),
(1653, 21, 'Julienne ou Lingue, cuite'),
(1654, 21, 'Flétan du Groënland ou flétan noir ou flétan commun, cuit à la vapeur'),
(1655, 21, 'Sole, poêlée'),
(1656, 21, 'Anguille, cuite (aliment moyen)'),
(1657, 21, 'Anguille, rôtie/cuite au four'),
(1658, 21, 'Anguille, bouillie/cuite à l\'eau'),
(1659, 21, 'Brochet, rôti/cuit au four'),
(1660, 21, 'Carpe, rôtie/cuite au four'),
(1661, 21, 'Perche, rôtie/cuite au four'),
(1662, 21, 'Truite, rôtie/cuite au four'),
(1663, 21, 'Truite, cuite à la vapeur'),
(1664, 21, 'Truite arc en ciel, élevage, rôtie/cuite au four'),
(1665, 21, 'Truite arc en ciel, élevage, cuite à la vapeur'),
(1666, 21, 'Panga, Pangasius, ou poisson-chat du Mékong, filet, cuit'),
(1667, 21, 'Truite d\'élevage, fumée'),
(1668, 21, 'Bar commun ou loup, rôti/cuit au four'),
(1669, 22, 'Bar rayé ou bar d\'Amérique, cru'),
(1670, 22, 'Lieu ou colin d\'Alaska, cru'),
(1671, 22, 'Flétan de l\'Atlantique ou flétan blanc, cru'),
(1672, 22, 'Hareng, cru'),
(1673, 22, 'Lotte ou baudroie, crue'),
(1674, 22, 'Saumon, cru, élevage'),
(1675, 22, 'Turbot sauvage, cru'),
(1676, 22, 'Cabillaud, cru'),
(1677, 22, 'Merlu, cru'),
(1678, 22, 'Lieu noir, surgelé, cru'),
(1679, 22, 'Merlu, filet, surgelé, cru'),
(1680, 22, 'Maquereau, cru'),
(1681, 22, 'Raie, crue'),
(1682, 22, 'Thon, cru'),
(1683, 22, 'Carrelet ou plie, cru'),
(1684, 22, 'Limande, crue'),
(1685, 22, 'Sole, crue'),
(1686, 22, 'Rascasse, crue'),
(1687, 22, 'Thon albacore ou thon jaune, cru'),
(1688, 22, 'Sardine, crue'),
(1689, 22, 'Thon listao ou Bonite à ventre rayé, cru'),
(1690, 22, 'Thon rouge, cru'),
(1691, 22, 'Bar commun ou loup, cru, sans précision'),
(1692, 22, 'Roussette ou petite roussette ou saumonette, crue'),
(1693, 22, 'Bar ou loup de l\'Atlantique, cru'),
(1694, 22, 'Thon germon ou thon blanc, cru'),
(1695, 22, 'Anchois commun, cru'),
(1696, 22, 'Dorade royale, ou daurade ou vraie daurade, crue, sauvage'),
(1697, 22, 'Espadon, cru'),
(1698, 22, 'Éperlan, cru'),
(1699, 22, 'Cardine franche, crue'),
(1700, 22, 'Rouget-barbet de roche, cru'),
(1701, 22, 'Dorade royale ou daurade ou vraie daurade, crue, élevage'),
(1702, 22, 'Mulet, cru'),
(1703, 22, 'Truite de mer, crue'),
(1704, 22, 'Merlan, cru'),
(1705, 22, 'Morue, salée, sèche'),
(1706, 22, 'Dorade grise, ou daurade grise, ou griset, crue'),
(1707, 22, 'Bogue, crue'),
(1708, 22, 'Bonite, crue'),
(1709, 22, 'Maquereau espagnol ou maquereau blanc ou billard, cru'),
(1710, 22, 'Denté, cru'),
(1711, 22, 'Saint-Pierre, cru'),
(1712, 22, 'Grondin, cru'),
(1713, 22, 'Corb, cru'),
(1714, 22, 'Capelan, cru'),
(1715, 22, 'Dorade rose, ou daurade rose, crue'),
(1716, 22, 'Rouget-barbet de roche, vapeur'),
(1717, 22, 'Saupe, crue'),
(1718, 22, 'Chinchard, cru'),
(1719, 22, 'Églefin, cru'),
(1720, 22, 'Congre, cru'),
(1721, 22, 'Grenadier (de roche), cru'),
(1722, 22, 'Lieu jaune ou colin, cru'),
(1723, 22, 'Julienne ou Lingue, crue'),
(1724, 22, 'Grand sébaste, ou dorade sébaste, ou daurade sébaste, cru'),
(1725, 22, 'Tacaud, cru'),
(1726, 22, 'Lieu noir, cru'),
(1727, 22, 'Limande-sole, crue'),
(1728, 22, 'Foie de morue, cru'),
(1729, 22, 'Vivaneau, cru'),
(1730, 22, 'Lavaret, cru'),
(1731, 22, 'Sabre, cru'),
(1732, 22, 'Flétan du Groënland ou flétan noir ou flétan commun, cru'),
(1733, 22, 'Carangue, cru'),
(1734, 22, 'Coulirou, cru'),
(1735, 22, 'Saumon, cru, sauvage'),
(1736, 22, 'Requin, cru'),
(1737, 22, 'Orphie commune, crue'),
(1738, 22, 'Lompe, crue'),
(1739, 22, 'Brème, cru'),
(1740, 22, 'Omble chevalier, cru'),
(1741, 22, 'Loup tacheté, cru'),
(1742, 22, 'Sprat, cru'),
(1743, 22, 'Turbot, cru'),
(1744, 22, 'Corégone lavaret, cru'),
(1745, 22, 'Mérou, cru'),
(1746, 22, 'Lingue bleue ou Lingue, crue'),
(1747, 22, 'Sole tropicale ou Sole langue, crue'),
(1748, 22, 'Turbot d\'élevage, cru'),
(1749, 22, 'Plie commune, crue'),
(1750, 22, 'Bar commun ou loup (Méditerranée), cru, sauvage'),
(1751, 22, 'Bar commun ou loup (Méditerranée), cru, élevage'),
(1752, 22, 'Sébaste du nord, ou dorade sébaste, ou daurade sébaste, crue'),
(1753, 22, 'Hoki, tout lieu de pêche, cru'),
(1754, 22, 'Grenadier bleu ou hoki de Nouvelle-Zélande, cru'),
(1755, 22, 'Grondin perlon, cru'),
(1756, 22, 'Merlu blanc du Cap, surgelé, cru'),
(1757, 22, 'Chinchard maigre, cru'),
(1758, 22, 'Chinchard gras, cru'),
(1759, 22, 'Hareng maigre, cru'),
(1760, 22, 'Hareng gras, cru'),
(1761, 22, 'Joëls (petits poissons entiers) pour friture, crus'),
(1762, 22, 'Empereur, filet, sans peau, cru'),
(1763, 22, 'Rouget-barbet, filet avec peau, surgelé, cru (Thaïlande, Sénégal…)'),
(1764, 22, 'Carpe, crue, élevage'),
(1765, 22, 'Truite d\'élevage, crue'),
(1766, 22, 'Truite arc en ciel, crue, élevage'),
(1767, 22, 'Perche, crue'),
(1768, 22, 'Brochet, cru'),
(1769, 22, 'Esturgeon, cru'),
(1770, 22, 'Anguille, crue'),
(1771, 22, 'Pangasius ou Poisson-chat, cru'),
(1772, 22, 'Tilapia, cru'),
(1773, 22, 'Truite saumonée, crue'),
(1774, 22, 'Lotte de rivière, crue'),
(1775, 22, 'Sandre, cru'),
(1776, 22, 'Perche du Nil, crue'),
(1777, 23, 'Coquille Saint-Jacques, noix et corail, cuite'),
(1778, 23, 'Crevette, cuite'),
(1779, 23, 'Homard, bouilli/cuit à l\'eau'),
(1780, 23, 'Moule, bouillie/cuite à l\'eau'),
(1781, 23, 'Bulot ou Buccin, cuit'),
(1782, 23, 'Langouste, bouillie/cuite à l\'eau'),
(1783, 23, 'Crabe ou Tourteau, bouilli/cuit à l\'eau'),
(1784, 23, 'Clam, Praire ou Palourde, bouilli/cuit à l\'eau'),
(1785, 23, 'Écrevisse, cuite'),
(1786, 23, 'Calmar ou calamar ou encornet, bouilli/cuit à l\'eau'),
(1787, 23, 'Fruits de mer (aliment moyen)'),
(1788, 23, 'Poulpe, cuit'),
(1789, 23, 'Fruits de mer, cuits, surgelés'),
(1790, 23, 'Calmar ou calamar ou encornet, frit ou poêlé avec matière grasse'),
(1791, 23, 'Escargot, sans matière grasse ajoutée, cuit'),
(1792, 24, 'Calmar ou calamar ou encornet, cru'),
(1793, 24, 'Coquille Saint-Jacques, noix et corail, crue'),
(1794, 24, 'Escargot, cru'),
(1795, 24, 'Homard, cru'),
(1796, 24, 'Huître, sans précision, crue'),
(1797, 24, 'Moule commune, crue'),
(1798, 24, 'Langouste, crue'),
(1799, 24, 'Seiche, crue'),
(1800, 24, 'Clam, Praire ou Palourde, cru'),
(1801, 24, 'Poulpe, cru'),
(1802, 24, 'Bulot ou Buccin, cru'),
(1803, 24, 'Crevette, crue'),
(1804, 24, 'Langoustine, crue'),
(1805, 24, 'Moule de Méditerranée, crue'),
(1806, 24, 'Écrevisse, crue'),
(1807, 24, 'Huître creuse, crue'),
(1808, 24, 'Huître plate, crue'),
(1809, 24, 'Crevette, surgelée, crue'),
(1810, 24, 'Crabe, cru'),
(1811, 24, 'Ormeau, cru'),
(1812, 24, 'Coquille Saint-Jacques, noix, crue'),
(1813, 24, 'Pecten d\'Amérique ou Peigne du canada, noix, crue'),
(1814, 24, 'Pétoncle ou Peigne du Pérou, noix, crue'),
(1815, 24, 'Crevette rose, crue'),
(1816, 24, 'Grenouille, cuisse, crue'),
(1817, 25, 'Rillettes de crabe'),
(1818, 25, 'Rillettes de poisson'),
(1819, 25, 'Rillettes de saumon'),
(1820, 25, 'Rillettes de thon'),
(1821, 25, 'Rillettes de maquereau'),
(1822, 25, 'Terrine de poisson'),
(1823, 25, 'Terrine de fruits de mer, avec ou sans poisson'),
(1824, 25, 'Tarama, préemballé'),
(1825, 25, 'Calmar ou Calamar ou encornet, à la romaine (beignet)'),
(1826, 25, 'Crabe, miettes et ou pattes décortiquées, appertisé, égoutté'),
(1827, 25, 'Langoustine, panée, frite'),
(1828, 25, 'Beignet de crevette'),
(1829, 25, 'Moule, appertisée, égouttée'),
(1830, 25, 'Escargot en sauce au beurre persillé, cuit'),
(1831, 25, 'Moules à la sauce catalane ou escabèche (tomate), appertisée, égouttée'),
(1832, 25, 'Accra de poisson'),
(1833, 25, 'Carpaccio de saumon avec marinade'),
(1834, 25, 'Anchois, filets roulés aux câpres, semi-conserve, égoutté'),
(1835, 25, 'Anchois, filets à l\'huile, semi-conserve, égoutté'),
(1836, 25, 'Carrelet ou plie, pané, frit'),
(1837, 25, 'Oeufs de lompe, semi-conserve'),
(1838, 25, 'Caviar, semi-conserve'),
(1839, 25, 'Hareng mariné ou rollmops'),
(1840, 25, 'Limande-sole, panée, frite'),
(1841, 25, 'Pilchard, sauce tomate, appertisé, égoutté'),
(1842, 25, 'Poisson, croquette ou beignet ou nuggets, frit'),
(1843, 25, 'Poisson pané, surgelé, cru'),
(1844, 25, 'Poisson pané, frit'),
(1845, 25, 'Sardine, à l\'huile, appertisée, égouttée'),
(1846, 25, 'Sardine, sauce tomate, appertisée, égouttée'),
(1847, 25, 'Thon, au naturel, appertisé, égoutté'),
(1848, 25, 'Sardine, à l\'huile d\'olive, appertisée, égouttée'),
(1849, 25, 'Surimi, bâtonnets, tranche ou râpé saveur crabe'),
(1850, 25, 'Oeufs de cabillaud, fumés, semi-conserve'),
(1851, 25, 'Thon à l\'huile, appertisé, égoutté'),
(1852, 25, 'Thon germon ou thon blanc, cuit à la vapeur sous pression'),
(1853, 25, 'Maquereau, filet sauce tomate, appertisé, égoutté'),
(1854, 25, 'Maquereau, filet sauce moutarde, appertisé, égoutté'),
(1855, 25, 'Maquereau, filet au vin blanc, appertisé, égoutté'),
(1856, 25, 'Saumon, appertisé, égoutté'),
(1857, 25, 'Maquereau, au naturel, appertisé, égoutté'),
(1858, 25, 'Merlan, pané'),
(1859, 25, 'Foie de morue, appertisé, égoutté'),
(1860, 25, 'Anchois au sel (anchoité, semi-conserve)'),
(1861, 25, 'Thon germon ou thon blanc, à l\'huile d\'olive, appertisé, égoutté'),
(1862, 25, 'Thon albacore ou thon jaune, au naturel, appertisé, égoutté'),
(1863, 25, 'Maquereau, mariné'),
(1864, 25, 'Anchois commun, mariné'),
(1865, 25, 'Sardine, filets sans arêtes à l\'huile d\'olive, appertisés, égouttés'),
(1866, 25, 'Surimi, fourré au fromage'),
(1867, 25, 'Miettes de thon à la tomate, appertisées'),
(1868, 25, 'Thon, à la catalane ou à l\'escabèche (sauce tomate), appertisé'),
(1869, 25, 'Miettes de thon à l\'huile, appertisées'),
(1870, 25, 'Oeufs de saumon, semi-conserve'),
(1871, 26, 'Oeuf, blanc (blanc d\'oeuf), cuit'),
(1872, 26, 'Oeuf, jaune (jaune d\'oeuf), cuit'),
(1873, 26, 'Oeuf, dur'),
(1874, 26, 'Oeuf, poché'),
(1875, 26, 'Oeuf, à la coque'),
(1876, 26, 'Oeuf, brouillé, avec matière grasse'),
(1877, 26, 'Oeuf, au plat, sans matière grasse'),
(1878, 26, 'Oeuf, cru'),
(1879, 26, 'Oeuf, blanc (blanc d\'oeuf), cru'),
(1880, 26, 'Oeuf, jaune (jaune d\'oeuf), cru'),
(1881, 26, 'Oeuf de caille, cru'),
(1882, 26, 'Oeuf de cane, cru'),
(1883, 26, 'Oeuf d\'oie, cru'),
(1884, 26, 'Oeuf de dinde, cru'),
(1885, 26, 'Oeuf, jaune (jaune d\'oeuf), en poudre'),
(1886, 26, 'Oeuf, blanc (blanc d\'oeuf), en poudre'),
(1887, 26, 'Oeuf, en poudre'),
(1888, 26, 'Omelette au fromage'),
(1889, 26, 'Omelette aux lardons'),
(1890, 26, 'Omelette aux champignons'),
(1891, 26, 'Omelette aux fines herbes'),
(1892, 26, 'Tortilla espagnole aux oignons (omelette aux pommes de terre et oignons)'),
(1893, 26, 'Omelette, garnitures diverses : légumes, fromages, viandes... (aliment moyen)'),
(1894, 27, 'Lait entier, UHT'),
(1895, 27, 'Lait entier, pasteurisé'),
(1896, 27, 'Lait demi-écrémé, UHT'),
(1897, 27, 'Lait demi-écrémé, pasteurisé'),
(1898, 27, 'Lait demi-écrémé, UHT, enrichi en vitamines'),
(1899, 27, 'Lait écrémé, UHT'),
(1900, 27, 'Lait écrémé, pasteurisé'),
(1901, 27, 'Lait demi-écrémé, à teneur réduite en lactose'),
(1902, 27, 'Lait de chèvre, entier, UHT'),
(1903, 27, 'Lait de chèvre, demi-écrémé, UHT'),
(1904, 27, 'Lait de chèvre, entier, cru'),
(1905, 27, 'Lait de jument, entier'),
(1906, 27, 'Lait de brebis, entier'),
(1907, 27, 'Lait en poudre, entier'),
(1908, 27, 'Lait concentré non sucré, entier'),
(1909, 27, 'Lait concentré sucré, entier'),
(1910, 27, 'Lait en poudre, demi-écrémé'),
(1911, 27, 'Lait en poudre, écrémé'),
(1912, 27, 'Lait, teneur en matière grasse inconnue, UHT (aliment moyen)'),
(1913, 28, 'Boisson lactée, lait fermenté ou yaourt à boire, aromatisé, sucré'),
(1914, 28, 'Boisson lactée, lait fermenté ou yaourt à boire, aux fruits, sucré'),
(1915, 28, 'Boisson lactée, lait fermenté ou yaourt à boire, nature, sucré'),
(1916, 28, 'Boisson lactée, lait fermenté ou yaourt à boire, nature, sucré, au L Casei'),
(1917, 28, 'Lait fermenté ou spécialité laitière type yaourt, aromatisé, sucré, au bifidus'),
(1918, 28, 'Lait fermenté ou spécialité laitière type yaourt, aux fruits, sucré, au bifidus'),
(1919, 28, 'Lait fermenté ou spécialité laitière type yaourt, nature, au bifidus'),
(1920, 28, 'Yaourt à la grecque, au lait de brebis'),
(1921, 28, 'Yaourt à la grecque, sur lit de fruits'),
(1922, 28, 'Yaourt au lait de chèvre, nature, 5% MG environ'),
(1923, 28, 'Yaourt, lait fermenté ou spécialité laitière, aux céréales, 0% MG'),
(1924, 28, 'Yaourt, lait fermenté ou spécialité laitière, aromatisé, avec édulcorants, 0% MG'),
(1925, 28, 'Yaourt, lait fermenté ou spécialité laitière, aromatisé, sucré'),
(1926, 28, 'Yaourt, lait fermenté ou spécialité laitière, aromatisé, sucré, à la crème'),
(1927, 28, 'Yaourt, lait fermenté ou spécialité laitière, aux céréales'),
(1928, 28, 'Yaourt, lait fermenté ou spécialité laitière, aux copeaux de chocolat, à la crème, sucré'),
(1929, 28, 'Yaourt, lait fermenté ou spécialité laitière, aux fruits, avec édulcorants, 0% MG'),
(1930, 28, 'Yaourt, lait fermenté ou spécialité laitière, aux fruits, avec édulcorants, 0% MG, enrichi en vitamine D'),
(1931, 28, 'Yaourt, lait fermenté ou spécialité laitière, aux fruits, sucré'),
(1932, 28, 'Yaourt, lait fermenté ou spécialité laitière, aux fruits, sucré, à la crème'),
(1933, 28, 'Yaourt, lait fermenté ou spécialité laitière, aux fruits, sucré, enrichi en vitamine D'),
(1934, 28, 'Yaourt, lait fermenté ou spécialité laitière, nature'),
(1935, 28, 'Yaourt, lait fermenté ou spécialité laitière, nature, 0% MG'),
(1936, 28, 'Yaourt, lait fermenté ou spécialité laitière, nature, à la crème'),
(1937, 28, 'Yaourt, lait fermenté ou spécialité laitière, nature, sucré'),
(1938, 28, 'Yaourt ou spécialité laitière nature (aliment moyen)'),
(1939, 28, 'Yaourt ou spécialité laitière nature ou aux fruits (aliment moyen)'),
(1940, 28, 'Spécialité laitière type encas, riche en protéines, sur lit de fruits, sucrée'),
(1941, 28, 'Yaourt, lait fermenté ou spécialité laitière, aromatisé ou aux fruits, 0% MG (aliment moyen)'),
(1942, 28, 'Yaourt, lait fermenté ou spécialité laitière, aromatisé ou aux fruits, non allégé en MG (aliment moyen)'),
(1943, 28, 'Yaourt, lait fermenté ou spécialité laitière, aromatisé ou aux fruits, avec édulcorants (aliment moyen)'),
(1944, 28, 'Yaourt, lait fermenté ou spécialité laitière, aromatisé ou aux fruits, sucré (aliment moyen)'),
(1945, 28, 'Yaourt, lait fermenté ou spécialité laitière, aromatisé ou aux fruits, sucré, non allégé en MG (aliment moyen)'),
(1946, 28, 'Yaourt, lait fermenté ou spécialité laitière, aromatisé ou aux fruits (aliment moyen)'),
(1947, 28, 'Lait fermenté à boire, nature, maigre'),
(1948, 28, 'Lait fermenté à boire, nature, au lait entier'),
(1949, 28, 'Yaourt à la grecque, nature'),
(1950, 28, 'Kéfir'),
(1951, 28, 'Fromage blanc nature ou aux fruits (aliment moyen)'),
(1952, 28, 'Faisselle, 6% MG environ'),
(1953, 28, 'Fromage blanc nature, 0% MG'),
(1954, 28, 'Fromage blanc nature, 3% MG environ'),
(1955, 28, 'Fromage blanc nature, gourmand, 8% MG environ'),
(1956, 28, 'Fromage blanc ou spécialité laitière, aux fruits, sucré, gourmand, 7% MG environ'),
(1957, 28, 'Fromage frais type petit suisse, aux fruits, 2-3% MG'),
(1958, 28, 'Fromage frais type petit suisse, aux fruits, 2-3% MG, enrichi en calcium et vitamine D'),
(1959, 28, 'Fromage frais type petit suisse, nature, 0% MG'),
(1960, 28, 'Fromage frais type petit suisse, nature, 4% MG environ'),
(1961, 28, 'Fromage frais type petit suisse, nature, 10% MG environ'),
(1962, 28, 'Fromage frais type petit suisse, aromatisé aux fruits, 2-3% MG, enrichi en calcium et vitamine D'),
(1963, 28, 'Crème dessert, allégée en MG, rayon frais'),
(1964, 28, 'Flan aux œufs, rayon frais'),
(1965, 28, 'Lait emprésuré aromatisé, rayon frais'),
(1966, 28, 'Lait gélifié aromatisé, nappé caramel, rayon frais'),
(1967, 28, 'Lait gélifié aromatisé, rayon frais'),
(1968, 28, 'Liégeois ou viennois (chocolat, café, caramel ou vanille), rayon frais'),
(1969, 28, 'Lait gélifié aromatisé, allégé en matière grasse et en sucre, rayon frais'),
(1970, 28, 'Panna cotta, rayon frais'),
(1971, 28, 'Gâteau de semoule aux raisins et caramel, rayon frais'),
(1972, 28, 'Gâteau de riz au caramel, rayon frais'),
(1973, 28, 'Milk-shake, provenant de fast food'),
(1974, 28, 'Crème dessert au chocolat, rayon frais'),
(1975, 28, 'Mousse au chocolat (base laitière), rayon frais'),
(1976, 28, 'Crème caramel, rayon frais'),
(1977, 28, 'Crème aux œufs (petit pot de crème chocolat, vanille, etc.), rayon frais'),
(1978, 28, 'Riz au lait, rayon frais'),
(1979, 28, 'Crème brûlée, rayon frais'),
(1980, 28, 'Crème dessert à la vanille, appertisée'),
(1981, 28, 'Ile flottante, rayon frais'),
(1982, 28, 'Semoule au lait, rayon frais'),
(1983, 28, 'Mousse aux fruits, rayon frais'),
(1984, 28, 'Crème dessert à la vanille, rayon frais'),
(1985, 28, 'Crème dessert, rayon frais (aliment moyen)'),
(1986, 28, 'Mousse liégeoise (chocolat, café, caramel ou vanille), rayon frais'),
(1987, 28, 'Préparation pour mousse au chocolat'),
(1988, 28, 'Crème dessert au café, rayon frais'),
(1989, 28, 'Crème dessert au caramel, rayon frais'),
(1990, 28, 'Crème dessert, appertisée (aliment moyen)'),
(1991, 28, 'Crème dessert au chocolat, appertisée'),
(1992, 28, 'Crème dessert, rayon frais ou appertisée (aliment moyen)'),
(1993, 28, 'Cheesecake ou Gâteau au fromage frais, rayon frais'),
(1994, 28, 'Dessert au soja, aux fruits, rayon frais'),
(1995, 28, 'Dessert au soja, nature, rayon frais'),
(1996, 28, 'Tiramisu, rayon frais'),
(1997, 28, 'Mousse à la crème de marrons, rayon frais'),
(1998, 28, 'Dessert au soja aromatisé, rayon frais'),
(1999, 28, 'Profiteroles (crème pâtissière et sauce chocolat), rayon frais'),
(2000, 28, 'Gâteau de semoule, appertisé'),
(2001, 28, 'Mousse au chocolat traditionnelle, rayon frais'),
(2002, 28, 'Clafoutis aux fruits, rayon frais'),
(2003, 28, 'Liégeois aux fruits'),
(2004, 28, 'Gâteau de riz, appertisé'),
(2005, 28, 'Gâteau au chocolat, cœur fondant, rayon frais'),
(2006, 28, 'Pain perdu'),
(2007, 28, 'Lait de poule, sans alcool'),
(2008, 28, 'Crème pâtissière'),
(2009, 29, 'Fromage (aliment moyen)'),
(2010, 29, 'Camembert, sans précision'),
(2011, 29, 'Fromage à pâte molle et croûte fleurie (type camembert)'),
(2012, 29, 'Camembert au lait cru'),
(2013, 29, 'Fromage à pâte molle double crème environ 30% MG'),
(2014, 29, 'Fromage rond à pâte molle et croûte fleurie 5 à 11% MG type camembert allégé en matière grasse'),
(2015, 29, 'Coulommiers'),
(2016, 29, 'Fromage rond à pâte molle et croûte fleurie environ 11% MG type coulommiers allégé en matière grasse'),
(2017, 29, 'Fromage rond à pâte molle et croûte fleurie environ 5% MG type camembert allégé en matière grasse'),
(2018, 29, 'Brie, sans précision'),
(2019, 29, 'Brie de Meaux'),
(2020, 29, 'Brie de Melun'),
(2021, 29, 'Carré de l\'Est'),
(2022, 29, 'Chaource'),
(2023, 29, 'Maroilles laitier'),
(2024, 29, 'Maroilles fermier'),
(2025, 29, 'Neufchâtel'),
(2026, 29, 'Fromage à pâte molle triple crème environ 40% MG'),
(2027, 29, 'Fromage à pâte molle et croûte lavée (aliment moyen)'),
(2028, 29, 'Fromage à pâte molle et croûte lavée, allégé environ 13% MG'),
(2029, 29, 'Maroilles, sans précision'),
(2030, 29, 'Livarot'),
(2031, 29, 'Époisses'),
(2032, 29, 'Munster'),
(2033, 29, 'Langres'),
(2034, 29, 'Pont l\'Évêque'),
(2035, 29, 'Reblochon'),
(2036, 29, 'Fromage à pâte molle à croûte lavée, au lait pasteurisé (type Vieux Pané)'),
(2037, 29, 'Saint-Marcellin'),
(2038, 29, 'Fromage à pâte molle et croûte mixte (lavée et fleurie) colorée'),
(2039, 29, 'Mont d\'or ou Vacherin du Haut-Doubs (produit en France) ou Vacherin-Mont d\'Or (produit en Suisse)'),
(2040, 29, 'Saint-Félicien'),
(2041, 29, 'Fromage de chèvre lactique affiné, au lait cru (type Crottin de Chavignol, Picodon, Rocamadour, Sainte-Maure de Touraine)'),
(2042, 29, 'Fromage de chèvre lactique affiné, au lait pasteurisé (type bûchette ou crottin)'),
(2043, 29, 'Fromage de chèvre lactique affiné (type bûchette, crottin, Sainte-Maure)'),
(2044, 29, 'Sainte-Maure de Touraine (fromage de chèvre)'),
(2045, 29, 'Fromage de chèvre demi-sec'),
(2046, 29, 'Fromage de chèvre bûche'),
(2047, 29, 'Fromage de chèvre bûche, allégé en matière grasse'),
(2048, 29, 'Fromage de chèvre à pâte molle non pressée non cuite croûte naturelle, au lait pasteurisé'),
(2049, 29, 'Fromage de chèvre sec'),
(2050, 29, 'Fromage de chèvre à pâte molle et croûte fleurie type camembert'),
(2051, 29, 'Fromage de brebis à pâte molle et croûte fleurie'),
(2052, 29, 'Chabichou (fromage de chèvre)'),
(2053, 29, 'Pélardon (fromage de chèvre)'),
(2054, 29, 'Crottin de chèvre, au lait cru'),
(2055, 29, 'Crottin de chèvre, sans précision'),
(2056, 29, 'Crottin de Chavignol (fromage de chèvre)'),
(2057, 29, 'Picodon (fromage de chèvre)'),
(2058, 29, 'Pouligny Saint-Pierre (fromage de chèvre)'),
(2059, 29, 'Sainte-Maure (fromage de chèvre)'),
(2060, 29, 'Selles-sur-Cher (fromage de chèvre)'),
(2061, 29, 'Chevrot (fromage de chèvre)'),
(2062, 29, 'Rocamadour (fromage de chèvre)'),
(2063, 29, 'Valençay (fromage de chèvre)'),
(2064, 29, 'Roquefort'),
(2065, 29, 'Fourme de Montbrison'),
(2066, 29, 'Fromage bleu au lait de vache'),
(2067, 29, 'Fromage bleu d\'Auvergne'),
(2068, 29, 'Fourme d\'Ambert'),
(2069, 29, 'Fromage bleu des Causses'),
(2070, 29, 'Gorgonzola'),
(2071, 29, 'Bleu de Gex ou Fromage bleu du Haut-jura ou Bleu de septmoncel (AOC)'),
(2072, 29, 'Fromage bleu de Bresse'),
(2073, 29, 'Fromage bleu de Bresse allegé environ 15% MG'),
(2074, 29, 'Fromage à pâte pressée cuite (aliment moyen)'),
(2075, 29, 'Beaufort'),
(2076, 29, 'Comté'),
(2077, 29, 'Abondance'),
(2078, 29, 'Gruyère IGP France'),
(2079, 29, 'Gruyère'),
(2080, 29, 'Emmental ou emmenthal'),
(2081, 29, 'Fromage à pate pressée cuite type emmental ou emmenthal, allégé en matière grasse'),
(2082, 29, 'Emmental ou emmenthal râpé'),
(2083, 29, 'Ossau-Iraty'),
(2084, 29, 'Parmesan'),
(2085, 29, 'Fontina'),
(2086, 29, 'Grana Padano'),
(2087, 29, 'Fromage à pâte ferme environ 14% MG type Masdaam à teneur réduite en MG'),
(2088, 29, 'Provolone'),
(2089, 29, 'Cantal entre-deux'),
(2090, 29, 'Cantal, Salers ou Laguiole'),
(2091, 29, 'Salers'),
(2092, 29, 'Cheddar'),
(2093, 29, 'Edam'),
(2094, 29, 'Mimolette jeune'),
(2095, 29, 'Gouda'),
(2096, 29, 'Mimolette demi-vieille'),
(2097, 29, 'Mimolette vieille'),
(2098, 29, 'Mimolette, sans précision'),
(2099, 29, 'Fromage à pâte ferme environ 27% MG type Maasdam'),
(2100, 29, 'Mimolette extra-vieille'),
(2101, 29, 'Morbier'),
(2102, 29, 'Fromage de brebis des Pyrénées'),
(2103, 29, 'Saint-Nectaire, laitier'),
(2104, 29, 'Raclette (fromage)'),
(2105, 29, 'Saint-Nectaire, fermier'),
(2106, 29, 'Saint-Nectaire, sans précision'),
(2107, 29, 'Saint-Paulin (fromage à pâte pressée non cuite demi-ferme)'),
(2108, 29, 'Tomme ou tome de vache'),
(2109, 29, 'Tomme ou tome de montagne ou de Savoie'),
(2110, 29, 'Tomme ou tome, allégée en matière grasse, environ 13% MG'),
(2111, 29, 'Asiago'),
(2112, 29, 'Fromage de brebis Corse à pâte molle'),
(2113, 29, 'Tome des Bauges'),
(2114, 29, 'Fromage de brebis à pâte pressée'),
(2115, 29, 'Fromage de lactosérum de brebis'),
(2116, 29, 'Fromage fondu en tranchettes'),
(2117, 29, 'Fromage fondu en portions ou en cubes environ 20% MG'),
(2118, 29, 'Fromage fondu double crème, environ 31% MG'),
(2119, 29, 'Cancoillotte (spécialité fromagère fondue)'),
(2120, 29, 'Spécialité fromagère fondante au fromage blanc et aux noix'),
(2121, 29, 'Snack pour enfants à base de fromage fondu et de gressins'),
(2122, 29, 'Fromage type feta, au lait de vache'),
(2123, 29, 'Feta de brebis'),
(2124, 29, 'Fromage type feta, au lait de vache, à l\'huile et aux aromates'),
(2125, 29, 'Spécialité fromagère non affinée environ 25% MG, type fromage en barquette à tartiner ou coque fromagère'),
(2126, 29, 'Spécialité fromagère non affinée environ 20% MG, type fromage en barquette à tartiner ou coque fromagère'),
(2127, 29, 'Fromage de chèvre frais, au lait pasteurisé (type bûchette fraîche)'),
(2128, 29, 'Fromage de chèvre frais, au lait cru (type palet ou crottin frais)'),
(2129, 29, 'Fromage de chèvre frais, au lait pasteurisé ou cru (type crottin frais ou bûchette fraîche)'),
(2130, 29, 'Fromage de chèvre à tartiner, nature'),
(2131, 29, 'Spécialité fromagère non affinée à tartiner environ 30-40 % MG aromatisée (ex: ail et fines herbes)'),
(2132, 29, 'Mascarpone'),
(2133, 29, 'Ricotta'),
(2134, 29, 'Mozzarella au lait de vache'),
(2135, 30, 'Crème de lait, 30% MG, épaisse, rayon frais'),
(2136, 30, 'Crème de lait, 30% MG, semi-épaisse, UHT'),
(2137, 30, 'Crème chantilly, sous pression, UHT'),
(2138, 30, 'Crème de lait, 15 à 20% MG, légère, semi-épaisse, UHT'),
(2139, 30, 'Crème de lait, 15 à 20% MG, légère, épaisse, rayon frais'),
(2140, 30, 'Spécialité à base de crème légère 8% MG, fluide ou épaisse'),
(2141, 30, 'Boisson à base de riz, nature'),
(2142, 31, 'Eau de source, embouteillée (aliment moyen)'),
(2143, 31, 'Eau minérale, embouteillée, faiblement minéralisée (aliment moyen)'),
(2144, 31, 'Eau minérale (aliment moyen)'),
(2145, 31, 'Eau minérale, plate (aliment moyen)'),
(2146, 31, 'Eau minérale, gazeuse (aliment moyen)'),
(2147, 31, 'Eau du robinet'),
(2148, 31, 'Eau embouteillée de source'),
(2149, 31, 'Eau minérale Abatilles, embouteillée, non gazeuse, faiblement minéralisée (Arcachon, 33)'),
(2150, 31, 'Eau minérale Aix-les-Bains, embouteillée, non gazeuse, faiblement minéralisée (Aix-les-Bains, 73)'),
(2151, 31, 'Eau minérale Aizac, embouteillée, gazeuse, faiblement minéralisée (Aizac, 07)'),
(2152, 31, 'Eau minérale Amanda, embouteillée, non gazeuse, fortement minéralisée (St-Amand, 59)'),
(2153, 31, 'Eau minérale Arcens, embouteillée, gazeuse, moyennement minéralisée (Arcens, 07)'),
(2154, 31, 'Eau minérale Ardesy, embouteillée, gazeuse, fortement minéralisée (Ardes, 63)'),
(2155, 31, 'Eau minérale Auvergne, embouteillée, gazeuse, fortement minéralisée (Cornillon, 38)'),
(2156, 31, 'Eau minérale Celtic, embouteillée, gazeuse ou non gazeuse, très faiblement minéralisée (Niederbronn, 67)'),
(2157, 31, 'Eau minérale Chambon, embouteillée, non gazeuse, faiblement minéralisée (Chambon, 45)'),
(2158, 31, 'Eau minérale Chantemerle, embouteillée, non gazeuse, faiblement minéralisée (Le Pestrin, 07)'),
(2159, 31, 'Eau minérale Chateauneuf, embouteillée, gazeuse, fortement minéralisée (Chateauneuf, 63)'),
(2160, 31, 'Eau minérale Chateldon, embouteillée, gazeuse, fortement minéralisée (Chateldon, 63)'),
(2161, 31, 'Eau minérale Clos de l\'Abbaye, embouteillée, non gazeuse, moyennement minéralisée (St-Amand, 59)'),
(2162, 31, 'Eau minérale Contrex, embouteillée, non gazeuse, fortement minéralisée (Contrexéville, 88)'),
(2163, 31, 'Eau minérale Dax, embouteillée, non gazeuse, moyennement minéralisée (Dax, 40)');
INSERT INTO `ingredients` (`IDINGREDIENT`, `IDSOUSCATEGORIEINGREDIENT`, `NOMINGREDIENT`) VALUES
(2164, 31, 'Eau minérale Didier, embouteillée, gazeuse, fortement minéralisée (Martinique)'),
(2165, 31, 'Eau minérale Didier, embouteillée non gazeuse, fortement minéralisée (Martinique)'),
(2166, 31, 'Eau minérale Evian, embouteillée, non gazeuse, faiblement minéralisée (Evian, 74)'),
(2167, 31, 'Eau minérale Hépar, embouteillée, non gazeuse, fortement minéralisée (Vittel, 88)'),
(2168, 31, 'Eau minérale Hydroxydase, embouteillée, gazeuse, fortement minéralisée (Le Breuil sur Couze, 63)'),
(2169, 31, 'Eau minérale Vernière, embouteillée, gazeuse, moyennement minéralisée (Les Aires, 34)'),
(2170, 31, 'Eau minérale Luchon, embouteillée, non gazeuse, faiblement minéralisée (Luchon, 31)'),
(2171, 31, 'Eau minérale Mont-Roucous, embouteillée, très faiblement minéralisée (Lacaune, 81)'),
(2172, 31, 'Eau de source Ogeu, embouteillée, faiblement minéralisée (Ogeu, 64)'),
(2173, 31, 'Eau minérale Orée du bois, embouteillée, non gazeuse, moyennement minéralisée (St-Amand, 59)'),
(2174, 31, 'Eau minérale Orezza, embouteillée, gazeuse, moyennement minéralisée (Rapaggio, 20B)'),
(2175, 31, 'Eau minérale Parot, embouteillée, gazeuse, moyennement minéralisée (St-Romain-le-Puy, 42)'),
(2176, 31, 'Eau minérale Plancoet, embouteillée, gazeuse ou non gazeuse, faiblement minéralisée (Plancoet, 22)'),
(2177, 31, 'Eau minérale Propiac, embouteillée, non gazeuse, fortement minéralisée (Propiac, 26)'),
(2178, 31, 'Eau minérale Puits St-Georges, embouteillée, gazeuse, moyennement minéralisée (St-Romain-le-Puy, 42)'),
(2179, 31, 'Eau minérale Quézac, embouteillée, gazeuse, moyennement minéralisée (Quézac, 48)'),
(2180, 31, 'Eau minérale Reine des basaltes, embouteillée, gazeuse, moyennement minéralisée (Asperjoc, 07)'),
(2181, 31, 'Eau minérale Rozana, embouteillée, gazeuse, fortement minéralisée (Beauregard, 63)'),
(2182, 31, 'Eau minérale Sail-les-Bains, embouteillée, non gazeuse, faiblement minéralisée (Sail-les-Bains, 42)'),
(2183, 31, 'Eau minérale Salvetat, embouteillée, gazeuse, moyennement minéralisée (La Salvetat, 34)'),
(2184, 31, 'Eau minérale Soultzmatt , embouteillée, gazeuse, moyennement minéralisée ( Soultzmatt, 68)'),
(2185, 31, 'Eau minérale St-Amand, embouteillée, gazeuse ou non gazeuse, moyennement minéralisée (St-Amand, 59)'),
(2186, 31, 'Eau minérale St-Antonin, embouteillée, non gazeuse, fortement minéralisée (St-Antonin-Noble-Val, 82)'),
(2187, 31, 'Eau minérale St-Diéry, embouteillée, gazeuse, fortement minéralisée (St-Diéry, 63)'),
(2188, 31, 'Eau minérale Ste-Marguerite, embouteillée, gazeuse, moyennement minéralisée (St-Maurice, 63)'),
(2189, 31, 'Eau minérale St-Yorre, embouteillée, gazeuse, fortement minéralisée (Saint-Yorre, 03)'),
(2190, 31, 'Eau minérale Thonon, embouteillée, non gazeuse, faiblement minéralisée (Thonon, 74)'),
(2191, 31, 'Eau minérale Ventadour, embouteillée, gazeuse, faiblement minéralisée (Le Pestrin, 07)'),
(2192, 31, 'Eau minérale Vernet, embouteillée, gazeuse, faiblement minéralisée (Prades, 07)'),
(2193, 31, 'Eau minérale Vichy Célestins, embouteillée, gazeuse, fortement minéralisée (Saint-Yorre, 03)'),
(2194, 31, 'Eau minérale Vittel, embouteillée, non gazeuse, moyennement minéralisée (Vittel, 88)'),
(2195, 31, 'Eau minérale Volvic, embouteillée, non gazeuse, faiblement minéralisée (Volvic, 63)'),
(2196, 31, 'Eau minérale Volvic active, embouteillée, gazeuse, faiblement minéralisée (Volvic, 63)'),
(2197, 31, 'Eau minérale Wattwiller, embouteillée, gazeuse ou non gazeuse, faiblement minéraliséee (Wattwiller, 68)'),
(2198, 31, 'Eau minérale Perrier, embouteillée, gazeuse, faiblement minéralisée (Vergèse, 30)'),
(2199, 31, 'Eau minérale Badoit, embouteillée, gazeuse, moyennement minéralisée (St-Galmier, 42)'),
(2200, 31, 'Eau minérale Avra, embouteillée, non gazeuse, faiblement minéralisée (Grèce)'),
(2201, 31, 'Eau minérale Beckerich, embouteillée, non gazeuse, faiblement minéralisée (Luxembourg)'),
(2202, 31, 'Eau minérale Caramulo, embouteillée, non gazeuse, très faiblement minéralisée (Portugal)'),
(2203, 31, 'Eau minérale Chaudfontaine, embouteillée, non gazeuse, faiblement minéralisée (Belgique)'),
(2204, 31, 'Eau minérale Christinen Brunnen, embouteillée, non gazeuse, moyennement minéralisée (Allemagne)'),
(2205, 31, 'Eau minérale Courmayeur, embouteillée, non gazeuse, fortement minéralisée (Italie)'),
(2206, 31, 'Eau minérale Highland spring, embouteillée, non gazeuse, faiblement minéralisée (Écosse)'),
(2207, 31, 'Eau minérale Levissima, embouteillée, non gazeuse, faiblement minéralisée (Italie)'),
(2208, 31, 'Eau minérale Luso, embouteillée, non gazeuse, très faiblement minéralisée (Portugal)'),
(2209, 31, 'Eau minérale Néro, embouteillée, non gazeuse, faiblement minéralisée (Grèce)'),
(2210, 31, 'Eau minérale Penacova, embouteillée, non gazeuse, très faiblement minéralisée (Portugal)'),
(2211, 31, 'Eau minérale San Benedetto, embouteillée, faiblement minéralisée (Italie)'),
(2212, 31, 'Eau minérale San Bernardo, embouteillée, très faiblement minéralisée (Italie)'),
(2213, 31, 'Eau minérale San Pellegrino, embouteillée, gazeuse, moyennement minéralisée (Italie)'),
(2214, 31, 'Eau minérale Spa-Reine, embouteillée, gazeuse ou non non gazeuse, moyennement minéralisée (Belgique)'),
(2215, 31, 'Eau minérale Talians, embouteillée, non gazeuse, fortement minéralisée (Italie)'),
(2216, 31, 'Eau minérale Valvert, embouteillée, non gazeuse, faiblement minéralisée (Belgique)'),
(2217, 31, 'Eau minérale Appollinaris, embouteillée, non gazeuse, fortement minéralisée (Allemagne)'),
(2218, 31, 'Eau de source Cristaline, embouteillée, non gazeuse'),
(2219, 31, 'Eau minérale Biovive, embouteillée, non gazeuse, faiblement minéralisée (Dax, 40)'),
(2220, 31, 'Eau minérale La Cairolle, embouteillée, non gazeuse, fortement minéralisée (Les Aires, 34)'),
(2221, 31, 'Eau minérale Cilaos, embouteillée, gazeuse, fortement minéralisée (Cilaos, 974)'),
(2222, 31, 'Eau minérale La Française, embouteillée, non gazeuse, fortement minéralisée (Propiac, 26)'),
(2223, 31, 'Eau minérale Montcalm, embouteillée, non gazeuse, très faiblement minéralisée (Auzat, 09)'),
(2224, 31, 'Eau minérale Montclar, embouteillée, non gazeuse, faiblement minéralisée (Montclar, 04)'),
(2225, 31, 'Eau minérale Nessel, embouteillée, gazeuse, moyennement minéralisée (Soultzmatt, 68)'),
(2226, 31, 'Eau minérale Ogeu, embouteillée, gazeuse, faiblement minéralisée (Ogeu-les-Bains, 64)'),
(2227, 31, 'Eau minérale Ogeu, embouteillée, non gazeuse, faiblement minéralisée (Ogeu-les-Bains, 64)'),
(2228, 31, 'Eau minérale Prince Noir, embouteillée, non gazeuse, fortement minéralisée (St-Antonin-Noble-Val, 82)'),
(2229, 31, 'Eau minérale St-Alban, embouteillée, gazeuse, moyennement minéralisée (St-Alban, 42)'),
(2230, 31, 'Eau minérale St-Géron, embouteillée, gazeuse, moyennement minéralisée (St-Géron, 43)'),
(2231, 31, 'Eau minérale St-Michel-de-Mourcairol, embouteillée, gazeuse, moyennement minéralisée (Les Aires, 34)'),
(2232, 31, 'Eau minérale Treignac, embouteillée, non gazeuse, très faiblement minéralisée (Treignac, 19)'),
(2233, 31, 'Eau minérale Vals, embouteillée, gazeuse, moyennement minéralisée (Vals-les-Bains, 07)'),
(2234, 31, 'Eau minérale Vauban, embouteillée, non gazeuse, moyennement minéralisée (St-Amand-les-Eaux, 59)'),
(2235, 31, 'Eau minérale Carola, embouteillée, gazeuse ou non gazeuse, moyennement minéralisée (Ribeauville, 68)'),
(2236, 31, 'Eau minérale Mont-Blanc, embouteillée, non gazeuse, faiblement minéralisée (Italie)'),
(2237, 31, 'Eau minérale Eden (La Goa), embouteillée, non gazeuse, faiblement minéralisée (Suisse)'),
(2238, 32, 'Jus d\'ananas, à base de concentré'),
(2239, 32, 'Jus multifruit, pur jus, multivitaminé'),
(2240, 32, 'Jus de fruits (aliment moyen)'),
(2241, 32, 'Jus de carotte, pur jus'),
(2242, 32, 'Jus de citron, maison'),
(2243, 32, 'Jus multifruit - base orange, multivitaminé'),
(2244, 32, 'Jus d\'orange, à base de concentré'),
(2245, 32, 'Jus d\'orange, maison'),
(2246, 32, 'Jus de pomme, à base de concentré'),
(2247, 32, 'Jus de pamplemousse (pomélo), à base de concentré'),
(2248, 32, 'Jus de raisin, pur jus'),
(2249, 32, 'Jus de grenade, pur jus'),
(2250, 32, 'Jus de pruneau'),
(2251, 32, 'Jus de raisin, à base de concentré'),
(2252, 32, 'Jus de mangue, frais'),
(2253, 32, 'Jus de fruit de la passion ou maracudja, frais'),
(2254, 32, 'Jus de pamplemousse (pomélo), maison'),
(2255, 32, 'Jus de tomate, pur jus, salé à 3 g/L'),
(2256, 32, 'Jus de pamplemousse (pomelo), pur jus'),
(2257, 32, 'Jus de citron, pur jus'),
(2258, 32, 'Jus de citron vert, maison'),
(2259, 32, 'Jus de citron vert, pur jus'),
(2260, 32, 'Jus de tomate, pur jus, salé à 6g/L'),
(2261, 32, 'Jus de clémentine ou mandarine, pur jus'),
(2262, 32, 'Jus multifruit, pur jus, standard'),
(2263, 32, 'Jus de grenade, frais'),
(2264, 32, 'Jus de tomate, pur jus (aliment moyen)'),
(2265, 32, 'Jus multifruit, à base de concentré, standard'),
(2266, 32, 'Jus d\'orange, pur jus'),
(2267, 32, 'Jus de fruits, pur jus (aliment moyen)'),
(2268, 32, 'Jus d\'ananas, pur jus'),
(2269, 32, 'Jus de pomme, pur jus'),
(2270, 32, 'Jus de légumes, pur jus (aliment moyen)'),
(2271, 32, 'Jus de fruits, à base de concentré (aliment moyen)'),
(2272, 32, 'Smoothie'),
(2273, 32, 'Nectar d\'abricot'),
(2274, 32, 'Nectar de papaye'),
(2275, 32, 'Nectar de poire'),
(2276, 32, 'Nectar multifruit, multivitaminé'),
(2277, 32, 'Nectar multifruit, standard'),
(2278, 32, 'Nectar de fruit de la passion ou maracuja'),
(2279, 32, 'Nectar de banane'),
(2280, 32, 'Nectar de goyave'),
(2281, 32, 'Nectar de mangue'),
(2282, 32, 'Nectar de pêche'),
(2283, 32, 'Nectar d\'orange'),
(2284, 32, 'Boisson gazeuse, sans jus de fruit, non sucrée, avec édulcorants'),
(2285, 32, 'Limonade, sucrée'),
(2286, 32, 'Eau de coco'),
(2287, 32, 'Boisson à l\'eau minérale ou de source, aromatisée, sucrée'),
(2288, 32, 'Tonic ou bitter, non sucré, avec édulcorants'),
(2289, 32, 'Tonic ou bitter, sucré, avec édulcorants'),
(2290, 32, 'Boisson au thé, aromatisée, sucrée, avec édulcorants'),
(2291, 32, 'Limonade, sucrée, avec édulcorants'),
(2292, 32, 'Cola, sucré'),
(2293, 32, 'Boisson gazeuse aux fruits (de 10 à 50% de jus), sucrée'),
(2294, 32, 'Boisson plate aux fruits, (à moins de 10% de jus), non sucrée, avec édulcorants'),
(2295, 32, 'Boisson plate aux fruits (à moins de 10% de jus), sucrée'),
(2296, 32, 'Boisson gazeuse, sans jus de fruit, sucrée'),
(2297, 32, 'Boisson à l\'eau minérale ou de source, aromatisée, non sucrée, sans édulcorant'),
(2298, 32, 'Boisson rafraîchissante sans alcool (aliment moyen)'),
(2299, 32, 'Boisson à l\'eau minérale ou de source, aromatisée, non sucrée, avec édulcorants'),
(2300, 32, 'Boisson gazeuse, sans jus de fruit, à teneur réduite en sucres'),
(2301, 32, 'Boisson gazeuse aux fruits (à moins de 10% de jus), sucrée, avec édulcorants'),
(2302, 32, 'Limonade, non sucrée, avec édulcorants'),
(2303, 32, 'Cola, sucré, avec édulcorants'),
(2304, 32, 'Diabolo (limonade et sirop)'),
(2305, 32, 'Boisson gazeuse aux fruits (teneur en jus non spécifiée), sucrée (aliment moyen)'),
(2306, 32, 'Boisson gazeuse aux fruits (à moins de 10% de jus), sucrée'),
(2307, 32, 'Boisson préparée à partir de sirop à diluer type menthe, fraise, etc, sucré, dilué dans l\'eau'),
(2308, 32, 'Cola, non sucré, avec édulcorants'),
(2309, 32, 'Boisson au thé, aromatisée, teneur en sucre et édulcorant inconnue (aliment moyen)'),
(2310, 32, 'Cola, teneur en sucre et édulcorant inconnue (aliment moyen)'),
(2311, 32, 'Boisson au thé, aromatisée, non sucrée, avec édulcorants'),
(2312, 32, 'Cola, sucré, sans caféine'),
(2313, 32, 'Cola, non sucré, avec édulcorants, sans caféine'),
(2314, 32, 'Boisson au thé, aromatisée, sucrée'),
(2315, 32, 'Boisson gazeuse, sans jus de fruit, sucrée, avec édulcorants'),
(2316, 32, 'Boisson plate aux fruits (10 à 50% de jus), à teneur réduite en sucres'),
(2317, 32, 'Boisson plate aux fruits (teneur en jus non spécifiée), sucrée'),
(2318, 32, 'Boisson plate aux fruits (10 à 50% de jus), sucrée'),
(2319, 32, 'Boisson gazeuse aux fruits (à moins de 10% de jus), non sucrée, avec édulcorants'),
(2320, 32, 'Tonic ou bitter, sucré'),
(2321, 32, 'Boisson gazeuse aux fruits (à moins de 10% de jus), non sucrée, sans édulcorant'),
(2322, 32, 'Boisson énergisante, sucrée'),
(2323, 32, 'Boisson énergisante, non sucrée, avec édulcorants'),
(2324, 32, 'Boisson au jus de fruit et au lait'),
(2325, 32, 'Boisson lactée aromatisée (arôme inconnu), sucrée, au lait partiellement écrémé, enrichie et/ou restaurée en vitamines et/ou minéraux (aliment moyen)'),
(2326, 32, 'Boisson lactée aromatisée au chocolat, sucrée, au lait partiellement écrémé, enrichie et/ou restaurée en vitamines et/ou minéraux'),
(2327, 32, 'Boisson lactée aromatisée à la fraise, sucrée, au lait partiellement écrémé, enrichie à la vitamine D'),
(2328, 32, 'Lait de coco ou Crème de coco'),
(2329, 32, 'Boisson à l\'amande'),
(2330, 32, 'Boisson au soja, nature'),
(2331, 32, 'Boisson au soja, nature, enrichie en calcium'),
(2332, 32, 'Boisson au soja, aromatisée, sucrée'),
(2333, 32, 'Boisson au soja, aromatisée, sucrée, enrichie en calcium'),
(2334, 32, 'Boisson à base d\'avoine, nature'),
(2335, 32, 'Boisson au soja et jus de fruits concentrés'),
(2336, 32, 'Café, non instantané, non sucré, prêt à boire'),
(2337, 32, 'Thé infusé, non sucré'),
(2338, 32, 'Tisane infusée, non sucrée'),
(2339, 32, 'Café décaféiné, non instantané, non sucré, prêt à boire'),
(2340, 32, 'Café expresso, non instantané, non sucré, prêt à boire'),
(2341, 32, 'Café décaféiné, instantané, non sucré, prêt à boire'),
(2342, 32, 'Café, instantané, non sucré, prêt à boire'),
(2343, 32, 'Boisson cacaotée ou au chocolat, instantanée, sucrée, prête à boire (reconstituée avec du lait demi-écrémé standard)'),
(2344, 32, 'Boisson cacaotée ou au chocolat, instantanée, sucrée, enrichie en vitamines, prête à boire (reconstituée avec du lait demi-écrémé standard)'),
(2345, 32, 'Café au lait, café crème ou cappuccino, instantané ou non, non sucré, prêt à boire'),
(2346, 32, 'Chicorée et café, instantané, non sucré, prête à boire (reconstituée avec du lait demi-écrémé standard)'),
(2347, 32, 'Thé noir, infusé, non sucré'),
(2348, 32, 'Thé vert, infusé, non sucré'),
(2349, 32, 'Thé oolong, infusé, non sucré'),
(2350, 32, 'Chicorée, instantanée, non sucrée, prête à boire (reconstituée avec du lait demi-écrémé standard)'),
(2351, 32, 'Chicorée et café, instantané, non sucré, prêt à boire (reconstituée avec de l\'eau)'),
(2352, 32, 'Café, moulu'),
(2353, 32, 'Café, poudre soluble'),
(2354, 32, 'Sirop à diluer, sucré'),
(2355, 32, 'Boisson concentrée à diluer, sans sucres ajoutés, avec édulcorants, type \"sirop 0%\"'),
(2356, 32, 'Café, décaféiné, poudre soluble'),
(2357, 32, 'Cacao, non sucré, poudre soluble'),
(2358, 32, 'Poudre cacaotée ou au chocolat pour boisson, sucrée'),
(2359, 32, 'Poudre maltée, cacaotée ou au chocolat pour boisson, sucrée, enrichie en vitamines et minéraux'),
(2360, 32, 'Chicorée et café, poudre soluble'),
(2361, 32, 'Chicorée, poudre soluble'),
(2362, 32, 'Café au lait ou cappuccino, poudre soluble'),
(2363, 32, 'Café au lait ou cappuccino au chocolat, poudre soluble'),
(2364, 32, 'Poudre cacaotée ou au chocolat sucrée pour boisson, enrichie en vitamines et minéraux'),
(2365, 32, 'Poudre cacaotée ou au chocolat pour boisson, sucrée, enrichie en vitamines'),
(2366, 32, 'Citron ou Lime, spécialité à diluer pour boissons, sans sucres ajoutés'),
(2367, 33, 'Vin doux'),
(2368, 33, 'Pétillant de fruits'),
(2369, 33, 'Vin blanc 11°'),
(2370, 33, 'Vin blanc mousseux'),
(2371, 33, 'Vin rouge 10°'),
(2372, 33, 'Vin rouge 11°'),
(2373, 33, 'Vin rouge 12°'),
(2374, 33, 'Vin rosé 11°'),
(2375, 33, 'Champagne'),
(2376, 33, 'Vin rouge 13°'),
(2377, 33, 'Vin blanc mousseux aromatisé'),
(2378, 33, 'Vin (aliment moyen)'),
(2379, 33, 'Vin blanc sec 11°'),
(2380, 33, 'Bière brune'),
(2381, 33, 'Bière \"coeur de marché\" (4-5° alcool)'),
(2382, 33, 'Bière forte (>8° alcool)'),
(2383, 33, 'Cidre brut'),
(2384, 33, 'Cidre doux'),
(2385, 33, 'Bière faiblement alcoolisée (3° alcool)'),
(2386, 33, 'Bière \"spéciale\" (5-6° alcool)'),
(2387, 33, 'Bière \"de spécialités\" ou d\'abbaye, régionales ou d\'une brasserie (degré d\'alcool variable)'),
(2388, 33, 'Cidre traditionnel'),
(2389, 33, 'Cidre bouché demi-sec'),
(2390, 33, 'Cidre aromatisé (framboise)'),
(2391, 33, 'Bière sans alcool (<1,2° alcool)'),
(2392, 33, 'Pastis'),
(2393, 33, 'Eau de vie'),
(2394, 33, 'Gin'),
(2395, 33, 'Liqueur'),
(2396, 33, 'Rhum'),
(2397, 33, 'Whisky'),
(2398, 33, 'Apéritif à base de vin ou vermouth'),
(2399, 33, 'Vodka'),
(2400, 33, 'Apéritif anisé sans alcool'),
(2401, 33, 'Cocktail à base de rhum'),
(2402, 33, 'Cocktail à base de whisky'),
(2403, 33, 'Alcool pur'),
(2404, 33, 'Marsala'),
(2405, 33, 'Marsala aux oeufs'),
(2406, 33, 'Sangria'),
(2407, 33, 'Kir (au vin blanc)'),
(2408, 33, 'Kir royal (au champagne)'),
(2409, 33, 'Crème de cassis'),
(2410, 33, 'Cocktail type punch, 16% alcool'),
(2411, 33, 'Eau de vie de vin, type armagnac, cognac'),
(2412, 33, 'Saké ou Alcool de riz'),
(2413, 33, 'Cocktail sans alcool (à base de jus de fruits et de sirop)'),
(2414, 33, 'Panaché (limonade et bière)'),
(2415, 33, 'Panaché préemballé (<1° alc.)'),
(2416, 34, 'Édulcorant à l\'aspartame, en pastilles'),
(2417, 34, 'Édulcorant à l\'aspartame, en poudre'),
(2418, 34, 'Vermicelles multicolores'),
(2419, 34, 'Miel'),
(2420, 34, 'Sucre blanc'),
(2421, 34, 'Sucre roux'),
(2422, 34, 'Sirop d\'érable'),
(2423, 34, 'Sucre vanillé'),
(2424, 34, 'Édulcorant à la saccharine'),
(2425, 34, 'Mélasse de canne'),
(2426, 34, 'Sucre allégé à l\'aspartame'),
(2427, 34, 'Fructose'),
(2428, 34, 'Édulcorant à base d\'extrait de stévia'),
(2429, 34, 'Sirop d\'agave'),
(2430, 35, 'Barre chocolatée biscuitée'),
(2431, 35, 'Barre chocolatée non biscuitée enrobée'),
(2432, 35, 'Barre à la noix de coco, enrobée de chocolat'),
(2433, 35, 'Chocolat au lait, tablette'),
(2434, 35, 'Chocolat noir à moins de 70% de cacao, à croquer, tablette'),
(2435, 35, 'Chocolat au lait aux céréales croustillantes, tablette'),
(2436, 35, 'Chocolat blanc, tablette'),
(2437, 35, 'Barres ou confiserie chocolatées au lait'),
(2438, 35, 'Chocolat au lait aux fruits secs (noisettes, amandes, raisins, praline), tablette'),
(2439, 35, 'Chocolat au lait sans sucres ajoutés, avec édulcorants, tablette'),
(2440, 35, 'Chocolat blanc aux fruits secs (noisettes, amandes, raisins, praliné) , tablette'),
(2441, 35, 'Chocolat noir sans sucres ajoutés, avec édulcorants, en tablette'),
(2442, 35, 'Pâte à tartiner chocolat et noisette'),
(2443, 35, 'Confiserie au chocolat dragéifiée'),
(2444, 35, 'Cacahuètes enrobées de chocolat dragéifiées'),
(2445, 35, 'Bouchée chocolat fourrage fruits à coques et/ou praliné'),
(2446, 35, 'Rocher chocolat fourré praliné'),
(2447, 35, 'Chocolat noir aux fruits (orange, framboise, poire), tablette'),
(2448, 35, 'Chocolat noir aux fruits secs (noisettes, amandes, raisins, praline), tablette'),
(2449, 35, 'Barre chocolatée aux fruits secs'),
(2450, 35, 'Chocolat noir fourrage confiseur à la menthe'),
(2451, 35, 'Barre goûter frais au lait et chocolat'),
(2452, 35, 'Chocolat noir à 70% cacao minimum, extra, dégustation, tablette'),
(2453, 35, 'Chocolat au lait fourré'),
(2454, 35, 'Chocolat noir fourré praliné, tablette'),
(2455, 35, 'Chocolat au lait fourré au praliné, tablette'),
(2456, 35, 'Chocolat noir à 40% de cacao minimum, à pâtisser, tablette'),
(2457, 35, 'Bonbon / bouchée au chocolat fourrage gaufrettes / biscuit'),
(2458, 35, 'Barre chocolat au lait avec nougat'),
(2459, 35, 'Barre goûter frais au lait et chocolat avec génoise'),
(2460, 35, 'Chocolat, en tablette (aliment moyen)'),
(2461, 36, 'Bonbons, tout type'),
(2462, 36, 'Chewing-gum, sucré'),
(2463, 36, 'Pâte de fruits'),
(2464, 36, 'Zeste d\'orange confit'),
(2465, 36, 'Marron glacé'),
(2466, 36, 'Fruit confit'),
(2467, 36, 'Nougat ou touron'),
(2468, 36, 'Dragée amande'),
(2469, 36, 'Guimauve ou marshmallow'),
(2470, 36, 'Chewing-gum, sans sucre'),
(2471, 36, 'Bonbon dur et sucette'),
(2472, 36, 'Bonbon gélifié'),
(2473, 36, 'Bonbon au caramel, mou'),
(2474, 36, 'Calissons d\'Aix en Provence'),
(2475, 36, 'Chewing-gum, teneur en sucre inconnue (aliment moyen)'),
(2476, 37, 'Confiture de fraise (extra ou classique)'),
(2477, 37, 'Confiture d\'abricot (extra ou classique)'),
(2478, 37, 'Confiture de cerise (extra ou classique)'),
(2479, 37, 'Marmelade d\'orange'),
(2480, 37, 'Confiture de lait'),
(2481, 37, 'Confiture de framboise (extra ou classique)'),
(2482, 37, 'Confiture, tout type de fruits, allégée en sucres (extra ou classique)'),
(2483, 38, 'Glace à l\'eau ou sorbet ou crème glacée, tout parfum (aliment moyen)'),
(2484, 38, 'Barre glacée chocolatée'),
(2485, 38, 'Glace ou crème glacée, bâtonnet, enrobé de chocolat'),
(2486, 38, 'Glace ou crème glacée, cône (taille standard)'),
(2487, 38, 'Glace ou crème glacée, en bac'),
(2488, 38, 'Glace au yaourt'),
(2489, 38, 'Glace ou crème glacée, gourmande, en bac'),
(2490, 38, 'Glace ou crème glacée, gourmande, en pot'),
(2491, 38, 'Glace ou crème glacée, mini cône'),
(2492, 38, 'Glace ou crème glacée, pot individuel'),
(2493, 38, 'Glace ou crème glacée, bac ou pot (aliment moyen)'),
(2494, 38, 'Glace ou crème glacée, petit pot enfant'),
(2495, 39, 'Sorbet, bâtonnet'),
(2496, 39, 'Sorbet, en bac'),
(2497, 39, 'Glace à l\'eau'),
(2498, 40, 'Profiterole avec glace vanille et sauce chocolat'),
(2499, 40, 'Pêche melba'),
(2500, 40, 'Dessert glacé type mystère ou vacherin'),
(2501, 40, 'Dessert glacé, type sundae'),
(2502, 40, 'Dessert glacé feuilleté, à partager'),
(2503, 40, 'Omelette norvégienne'),
(2504, 40, 'Poire belle Hélène'),
(2505, 40, 'Nougat glacé'),
(2506, 40, 'Citron givré ou Orange givrée (sorbet)'),
(2507, 40, 'Coupe glacée type café ou chocolat liégeois'),
(2508, 40, 'Bûche glacée'),
(2509, 40, 'Coupe glacée parfum pêche Melba ou poire Belle-Hélène'),
(2510, 41, 'Beurre à 82% MG, doux'),
(2511, 41, 'Huile de beurre ou Beurre concentré'),
(2512, 41, 'Beurre à 80% MG, demi-sel'),
(2513, 41, 'Beurre à 80% MG, salé'),
(2514, 41, 'Beurre à 82% MG, doux, tendre'),
(2515, 41, 'Beurre à 60-62% MG, à teneur réduite en matière grasse, doux'),
(2516, 41, 'Beurre à 60-62% MG, à teneur réduite en matière grasse, demi-sel'),
(2517, 41, 'Beurre ou assimilé allégé (léger ou à teneur reduite en matière grasse), doux (aliment moyen)'),
(2518, 41, 'Beurre à teneur en matière grasse inconnue (allégé ou non), demi-sel (aliment moyen)'),
(2519, 41, 'Beurre ou assimilé à teneur en matière grasse inconnue, doux (aliment moyen)'),
(2520, 41, 'Beurre à 39-41% MG, léger, doux'),
(2521, 41, 'Matière grasse laitière à 25% MG, légère, \"à tartiner\", doux'),
(2522, 41, 'Matière grasse laitière à 20% MG, légère, \"à tartiner\", doux'),
(2523, 7, 'Carotte, déshydratée'),
(2524, 42, 'Beurre de cacao'),
(2525, 42, 'Matière grasse ou graisse végétale solide (type margarine) pour friture'),
(2526, 42, 'Huile pour friture, sans précision'),
(2527, 42, 'Huile de palme, sans précision'),
(2528, 42, 'Huile de palme raffinée'),
(2529, 42, 'Huile végétale (aliment moyen)'),
(2530, 42, 'Huile d\'amandes d\'abricot'),
(2531, 42, 'Huile d\'amande'),
(2532, 42, 'Huile d\'arachide'),
(2533, 42, 'Huile d\'avocat'),
(2534, 42, 'Huile de germe de blé'),
(2535, 42, 'Huile de carthame'),
(2536, 42, 'Huile de colza'),
(2537, 42, 'Huile de coton'),
(2538, 42, 'Huile de lin'),
(2539, 42, 'Huile de maïs'),
(2540, 42, 'Huile de noisette'),
(2541, 42, 'Huile de noix'),
(2542, 42, 'Huile d\'olive vierge extra'),
(2543, 42, 'Huile de pépins de raisin'),
(2544, 42, 'Huile de sésame'),
(2545, 42, 'Huile de soja'),
(2546, 42, 'Huile de tournesol'),
(2547, 42, 'Huile combinée (mélange d\'huiles)'),
(2548, 42, 'Huile combinée, mélange d\'huile d\'olive et de graines'),
(2549, 42, 'Huile d\'argan ou d\'argane'),
(2550, 43, 'Matière grasse végétale (type margarine) à 80% MG, salé'),
(2551, 43, 'Matière grasse végétale ou margarine, 80% MG, doux'),
(2552, 43, 'Matière grasse végétale (type margarine) à 70% MG, doux'),
(2553, 43, 'Matière grasse végétale (type margarine) à 60% de MG, allégée, au tournesol, doux'),
(2554, 43, 'Matière grasse végétale (type margarine), teneur en matière grasse inconue, doux (aliment moyen)'),
(2555, 43, 'Matière grasse végétale (type margarine), teneur réduite en matière grasse inconnue, doux (aliment moyen)'),
(2556, 43, 'Matière grasse végétale (type margarine), à tartiner, à 30-40% MG, légère, doux'),
(2557, 43, 'Matière grasse végétale (type margarine), à tartiner, à 30-40% MG, légère, demi-sel'),
(2558, 43, 'Matière grasse végétale (type margarine), à tartiner, à 30-40% MG, légère, doux, aux esters de stérol végétal'),
(2559, 43, 'Matière grasse végétale (type margarine), à tartiner, à 30-40% MG, légère, doux, riche en oméga 3'),
(2560, 43, 'Matière grasse végétale (type margarine) à 50-63% MG, allégée, doux, riche en oméga 3'),
(2561, 43, 'Matière grasse végétale (type margarine) à 50-63% MG, allégée, demi-sel'),
(2562, 43, 'Matière grasse végétale (type margarine) à 50-63% MG, allégée, doux, aux esters de stérol végétal'),
(2563, 43, 'Matière grasse végétale (type margarine) à 50-63% MG, allégée, demi-sel, riche en oméga 3'),
(2564, 43, 'Matière grasse végétale (type margarine) à 50-63% MG, allégée, doux'),
(2565, 43, 'Matière grasse végétale (type margarine) à 30-40% MG, légère, demi-sel, aux esters de stérol végétal'),
(2566, 43, 'Matière grasse mélangée (végétale et laitière) à 50-63% MG'),
(2567, 43, 'Matière grasse mélangée (végétale et laitière) à 50-63% MG, demi-sel'),
(2568, 43, 'Matière grasse mélangée (végétale et laitière), à tartiner, à 30-40% MG'),
(2569, 43, 'Matière grasse mélangée (végétale et laitière), à tartiner, à 30-40% MG, demi-sel'),
(2570, 44, 'Huile de foie de morue'),
(2571, 44, 'Huile de sardine'),
(2572, 44, 'Huile de saumon'),
(2573, 44, 'Huile de hareng'),
(2574, 45, 'Saindoux'),
(2575, 45, 'Lard gras, cru'),
(2576, 45, 'Graisse de poulet'),
(2577, 45, 'Graisse de canard'),
(2578, 45, 'Graisse d\'oie'),
(2579, 45, 'Graisse de dinde'),
(2580, 45, 'Huile de paraffine'),
(2581, 46, 'Ketchup'),
(2582, 46, 'Sauce tartare, préemballée'),
(2583, 46, 'Mayonnaise (70% MG min.)'),
(2584, 46, 'Mayonnaise à teneur réduite en matière grasse ou Mayonnaise allégée'),
(2585, 46, 'Sauce barbecue, préemballée'),
(2586, 46, 'Sauce soja, préemballée'),
(2587, 46, 'Sauce vinaigrette allégée en MG (25 à 50% d\'huile), préemballée'),
(2588, 46, 'Sauce vinaigrette (50 à 75% d\'huile), préemballée'),
(2589, 46, 'Harissa (sauce condimentaire)'),
(2590, 46, 'Sauce bourguignonne, préemballée'),
(2591, 46, 'Sauce moutarde, préemballée'),
(2592, 46, 'Sauce au yaourt'),
(2593, 46, 'Sauce américaine, préemballée'),
(2594, 46, 'Sauce aïoli, préemballée'),
(2595, 46, 'Sauce crudités ou Sauce salade, préemballée'),
(2596, 46, 'Sauce Nuoc Mâm ou Sauce au poisson, préemballée'),
(2597, 46, 'Sauce burger, préemballée'),
(2598, 46, 'Sauce crudités ou Sauce salade, allégée en matière grasse, préemballée'),
(2599, 46, 'Sauce kebab, préemballée'),
(2600, 46, 'Sauce rouille, préemballée'),
(2601, 46, 'Sauce au poivre, condimentaire, froide, préemballée'),
(2602, 46, 'Caviar de tomates'),
(2603, 46, 'Sauce teriyaki, préemballée'),
(2604, 46, 'Guacamole, préemballé'),
(2605, 46, 'Houmous'),
(2606, 46, 'Sauce béchamel, préemballée'),
(2607, 46, 'Sauce béarnaise, préemballée'),
(2608, 46, 'Sauce hollandaise, préemballée'),
(2609, 46, 'Sauce tomate aux oignons, préemballée'),
(2610, 46, 'Sauce armoricaine, préemballée'),
(2611, 46, 'Sauce tomate à la viande ou Sauce bolognaise, préemballée'),
(2612, 46, 'Sauce au poivre vert, préemballée'),
(2613, 46, 'Sauce madère, préemballée'),
(2614, 46, 'Sauce à l\'échalote à la crème, préemballée'),
(2615, 46, 'Sauce carbonara, préemballée'),
(2616, 46, 'Sauce chasseur, préemballée'),
(2617, 46, 'Sauce au curry, préemballée'),
(2618, 46, 'Sauce au beurre blanc, préemballée'),
(2619, 46, 'Sauce béchamel, maison'),
(2620, 46, 'Sauce au beurre, préemballée'),
(2621, 46, 'Sauce à la crème'),
(2622, 46, 'Sauce aux champignons, préemballée'),
(2623, 46, 'Sauce à la crème aux épices'),
(2624, 46, 'Sauce à la crème aux herbes'),
(2625, 46, 'Sauce aigre douce, préemballée'),
(2626, 46, 'Sauce au vin rouge'),
(2627, 46, 'Sauce basquaise ou Sauce aux poivrons, préemballée'),
(2628, 46, 'Sauce tomate aux champignons, préemballée'),
(2629, 46, 'Sauce tomate aux olives, préemballée'),
(2630, 46, 'Sauce pesto, préemballée'),
(2631, 46, 'Sauce au poivre, chaude, préemballée'),
(2632, 46, 'Sauce au fromage pour risotto ou pâtes, préemballée'),
(2633, 46, 'Sauce au roquefort, préemballée'),
(2634, 46, 'Sauce aux champignons et à la crème, préemballée'),
(2635, 46, 'Sauce grand veneur, préemballée'),
(2636, 46, 'Sauce indienne type tandoori ou tikka masala, préemballée'),
(2637, 46, 'Sauce tomate aux petits légumes, préemballée'),
(2638, 46, 'Sauce tomate au fromage, préemballée'),
(2639, 46, 'Sauce pesto rosso, préemballée'),
(2640, 46, 'Sauce chaude (aliment moyen)'),
(2641, 46, 'Meloukhia, sauce, artisanale'),
(2642, 46, 'Sauce au chocolat'),
(2643, 46, 'Crème anglaise, préemballée'),
(2644, 47, 'Cornichon, au vinaigre'),
(2645, 47, 'Moutarde'),
(2646, 47, 'Vinaigre'),
(2647, 47, 'Moutarde à l\'ancienne'),
(2648, 47, 'Câpres, au vinaigre'),
(2649, 47, 'Tapenade'),
(2650, 47, 'Oignon au vinaigre'),
(2651, 47, 'Vinaigre de cidre'),
(2652, 47, 'Vinaigre balsamique'),
(2653, 47, 'Cornichon, aigre-doux'),
(2654, 47, 'Olive noire, en saumure'),
(2655, 47, 'Olive verte, en saumure'),
(2656, 47, 'Olive noire, à l\'huile (à la grecque)'),
(2657, 47, 'Olives vertes, fourrées ou farcies (anchois, poivrons, etc.)'),
(2658, 48, 'Bouillon de boeuf, déshydraté'),
(2659, 48, 'Fond de veau pour sauces et cuisson, déshydraté'),
(2660, 48, 'Fond de volaille pour sauces et cuisson, déshydraté'),
(2661, 48, 'Court-bouillon pour poissons, déshydraté'),
(2662, 48, 'Bouillon de volaille, déshydraté'),
(2663, 48, 'Gelée au madère, déshydratée'),
(2664, 48, 'Gelée au madère'),
(2665, 48, 'Préparation culinaire à base de soja, type \"crème de soja\"'),
(2666, 48, 'Fond de veau, préemballé'),
(2667, 48, 'Pizza, sauce garniture pour'),
(2668, 48, 'Bouillon de viande et légumes type pot-au-feu, déshydraté'),
(2669, 48, 'Bouillon de viande et légumes type pot-au-feu, non dégraissé, déshydraté'),
(2670, 48, 'Bouillon de viande et légumes type pot-au-feu, dégraissé, déshydraté'),
(2671, 49, 'Sel blanc alimentaire, non iodé, non fluoré (marin, ignigène ou gemme)'),
(2672, 49, 'Sel au céleri'),
(2673, 49, 'Sel blanc alimentaire, iodé, non fluoré (marin, ignigène ou gemme)'),
(2674, 49, 'Fleur de sel, non iodée, non fluorée'),
(2675, 49, 'Sel marin gris, non iodé, non fluoré'),
(2676, 49, 'Sel blanc alimentaire, iodé, fluoré à 25 mg /100g (marin, ignigène ou gemme)'),
(2677, 50, 'Curry, poudre'),
(2678, 50, 'Gingembre, poudre'),
(2679, 50, 'Poivre noir, poudre'),
(2680, 50, 'Poivre blanc, poudre'),
(2681, 50, 'Poivre gris, poudre'),
(2682, 50, 'Cannelle, poudre'),
(2683, 50, 'Coriandre, graine'),
(2684, 50, 'Safran'),
(2685, 50, 'Cumin, graine'),
(2686, 50, 'Noix de muscade'),
(2687, 50, 'Paprika'),
(2688, 50, 'Clou de girofle'),
(2689, 50, 'Laurier, feuille'),
(2690, 50, 'Quatre épices'),
(2691, 50, 'Pavot, graine'),
(2692, 50, 'Carvi, graine'),
(2693, 50, 'Vanille, extrait alcoolique'),
(2694, 50, 'Fenouil, graine'),
(2695, 50, 'Gingembre, racine crue'),
(2696, 50, 'Cardamome, poudre'),
(2697, 50, 'Fenugrec, graine'),
(2698, 50, 'Epice (aliment moyen)'),
(2699, 50, 'Poivre de Cayenne ou piment de Cayenne'),
(2700, 50, 'Curcuma, poudre'),
(2701, 50, 'Vanille, extrait aqueux'),
(2702, 51, 'Ail, cru'),
(2703, 51, 'Cerfeuil, frais'),
(2704, 51, 'Ciboule ou Ciboulette, fraîche'),
(2705, 51, 'Persil, frais'),
(2706, 51, 'Raifort, cru'),
(2707, 51, 'Menthe, fraîche'),
(2708, 51, 'Basilic, frais'),
(2709, 51, 'Romarin, frais'),
(2710, 51, 'Sauge, fraîche'),
(2711, 51, 'Thym, frais'),
(2712, 51, 'Herbes aromatiques fraîches (aliment moyen)'),
(2713, 51, 'Estragon, frais'),
(2714, 51, 'Aneth, frais'),
(2715, 51, 'Coriandre, fraiche'),
(2716, 51, 'Ail séché, poudre'),
(2717, 51, 'Persil, séché'),
(2718, 51, 'Menthe, séchée'),
(2719, 51, 'Basilic, séché'),
(2720, 51, 'Marjolaine, séchée'),
(2721, 51, 'Origan, séché'),
(2722, 51, 'Romarin, séché'),
(2723, 51, 'Sauge, séchée'),
(2724, 51, 'Thym, séché'),
(2725, 51, 'Herbes de Provence, séchées'),
(2726, 51, 'Sarriette, séchée'),
(2727, 51, 'Meloukhia, feuilles de corète séchées, en poudre'),
(2728, 52, 'Agar (algue), cru'),
(2729, 52, 'Spiruline (Spirulina sp.), séchée ou déshydratée'),
(2730, 52, 'Wakamé (Undaria pinnatifida), séchée ou déshydratée'),
(2731, 52, 'Laitue de mer (Ulva sp.), séchée ou déshydratée'),
(2732, 52, 'Kombu royal (Saccharina latissima), séchée ou déshydratée'),
(2733, 52, 'Nori (Porphyra sp.), séchée ou déshydratée'),
(2734, 52, 'Dulse (Palmaria palmata), séchée ou déshydratée'),
(2735, 52, 'Kombu ou kombu japonais (Laminaria japonica), séchée ou déshydratée'),
(2736, 52, 'Kombu breton (Laminaria digitata), séchée ou déshydratée'),
(2737, 52, 'Haricot de mer (Himanthalia elongata), séchée ou déshydratée'),
(2738, 52, 'Gracilaire ou ogonori (Gracilaria verrucosa), séchée ou déshydratée'),
(2739, 52, 'Fucus vésiculeux (Fucus serratus ou Fucus vesiculosus), séché ou déshydraté'),
(2740, 52, 'Ao-nori (Enteromorpha sp.), séchée ou déshydratée'),
(2741, 52, 'Lichen de mer ou pioca ou goémon rouge (Chondrus crispus), séché ou déshydraté'),
(2742, 52, 'Ascophylle noueux ou goémon noir (Ascophyllum nodosum), séché ou déshydraté'),
(2743, 52, 'Wakamé atlantique (Alaria esculenta), séchée ou déshydratée'),
(2744, 53, 'Boisson diététique pour le sport'),
(2745, 53, 'Substitut de repas hypocalorique, crème dessert'),
(2746, 53, 'Substitut de repas hypocalorique, prêt à boire'),
(2747, 53, 'Substitut de repas hypocalorique, poudre reconstituée avec lait écrémé'),
(2748, 53, 'Substitut de repas hypocalorique, poudre reconstituée avec lait écrémé, type milk-shake'),
(2749, 54, 'Son de blé'),
(2750, 54, 'Son d\'avoine'),
(2751, 54, 'Son de maïs'),
(2752, 54, 'Son de riz'),
(2753, 54, 'Son (aliment moyen)'),
(2754, 54, 'Germe de blé'),
(2755, 54, 'Gélatine, sèche'),
(2756, 54, 'Levure alimentaire'),
(2757, 54, 'Levure de boulanger, compressée'),
(2758, 54, 'Levure de boulanger, déshydratée'),
(2759, 54, 'Levure chimique ou Poudre à lever'),
(2760, 54, 'Bicarbonate de soude'),
(2761, 54, 'Miso'),
(2762, 54, 'Tempeh'),
(2763, 54, 'Sirop pour fruits appertisés au sirop'),
(2764, 54, 'Sirop léger pour fruits appertisés au sirop'),
(2765, 54, 'Jus d\'ananas pour ananas appertisé au jus'),
(2766, 54, 'Gélifiant pour confitures'),
(2767, 54, 'Pollen, partiellement séché'),
(2768, 54, 'Pollen,frais'),
(2769, 54, 'Base de pizza à la crème'),
(2770, 54, 'Base de pizza tomatée'),
(2771, 54, 'Lécithine de soja');

-- --------------------------------------------------------

--
-- Structure de la table `marques`
--

DROP TABLE IF EXISTS `marques`;
CREATE TABLE IF NOT EXISTS `marques` (
  `IDMARQUE` int(5) NOT NULL AUTO_INCREMENT,
  `MARQUE` char(50) DEFAULT NULL,
  PRIMARY KEY (`IDMARQUE`)
) ENGINE=InnoDB;

-- --------------------------------------------------------

--
-- Structure de la table `menus`
--

DROP TABLE IF EXISTS `menus`;
CREATE TABLE IF NOT EXISTS `menus` (
  `DATEMENU` date NOT NULL,
  `NBCONVIVE` int(5) NOT NULL,
  PRIMARY KEY (`DATEMENU`)
) ENGINE=InnoDB;

-- --------------------------------------------------------

--
-- Structure de la table `pays`
--

DROP TABLE IF EXISTS `pays`;
CREATE TABLE IF NOT EXISTS `pays` (
  `IDPAYS` int(5) NOT NULL AUTO_INCREMENT,
  `PAYS` char(20) DEFAULT NULL,
  PRIMARY KEY (`IDPAYS`)
) ENGINE=InnoDB;

--
-- Déchargement des données de la table `pays`
--

INSERT INTO `pays` (`IDPAYS`, `PAYS`) VALUES
(1, 'Afrique du Sud'),
(2, 'Afghanistan'),
(3, 'Albanie'),
(4, 'Algérie'),
(5, 'Allemagne'),
(6, 'Andorre'),
(7, 'Angola'),
(8, 'Antigua-et-Barbuda'),
(9, 'Arabie Saoudite'),
(10, 'Argentine'),
(11, 'Arménie'),
(12, 'Australie'),
(13, 'Autriche'),
(14, 'Azerbaïdjan'),
(15, 'Bahamas'),
(16, 'Bahreïn'),
(17, 'Bangladesh'),
(18, 'Barbade'),
(19, 'Belgique'),
(20, 'Belize'),
(21, 'Bénin'),
(22, 'Bhoutan'),
(23, 'Biélorussie'),
(24, 'Birmanie'),
(25, 'Bolivie'),
(26, 'Bosnie-Herzégovine'),
(27, 'Botswana'),
(28, 'Brésil'),
(29, 'Brunei'),
(30, 'Bulgarie'),
(31, 'Burkina Faso'),
(32, 'Burundi'),
(33, 'Cambodge'),
(34, 'Cameroun'),
(35, 'Canada'),
(36, 'Cap-Vert'),
(37, 'Chili'),
(38, 'Chine'),
(39, 'Chypre'),
(40, 'Colombie'),
(41, 'Comores'),
(42, 'Corée du Nord'),
(43, 'Corée du Sud'),
(44, 'Costa Rica'),
(45, 'Côte d’Ivoire'),
(46, 'Croatie'),
(47, 'Cuba'),
(48, 'Danemark'),
(49, 'Djibouti'),
(50, 'Dominique'),
(51, 'Égypte'),
(52, 'Émirats arabes unis'),
(53, 'Équateur'),
(54, 'Érythrée'),
(55, 'Espagne'),
(56, 'Eswatini'),
(57, 'Estonie'),
(58, 'États-Unis'),
(59, 'Éthiopie'),
(60, 'Fidji'),
(61, 'Finlande'),
(62, 'France'),
(63, 'Gabon'),
(64, 'Gambie'),
(65, 'Géorgie'),
(66, 'Ghana'),
(67, 'Grèce'),
(68, 'Grenade'),
(69, 'Guatemala'),
(70, 'Guinée'),
(71, 'Guinée équatoriale'),
(72, 'Guinée-Bissau'),
(73, 'Guyana'),
(74, 'Haïti'),
(75, 'Honduras'),
(76, 'Hongrie'),
(77, 'Îles Cook'),
(78, 'Îles Marshall'),
(79, 'Inde'),
(80, 'Indonésie'),
(81, 'Irak'),
(82, 'Iran'),
(83, 'Irlande'),
(84, 'Islande'),
(85, 'Israël'),
(86, 'Italie'),
(87, 'Jamaïque'),
(88, 'Japon'),
(89, 'Jordanie'),
(90, 'Kazakhstan'),
(91, 'Kenya'),
(92, 'Kirghizistan'),
(93, 'Kiribati'),
(94, 'Koweït'),
(95, 'Laos'),
(96, 'Lesotho'),
(97, 'Lettonie'),
(98, 'Liban'),
(99, 'Liberia'),
(100, 'Libye'),
(101, 'Liechtenstein'),
(102, 'Lituanie'),
(103, 'Luxembourg'),
(104, 'Macédoine'),
(105, 'Madagascar'),
(106, 'Malaisie'),
(107, 'Malawi'),
(108, 'Maldives'),
(109, 'Mali'),
(110, 'Malte'),
(111, 'Maroc'),
(112, 'Maurice'),
(113, 'Mauritanie'),
(114, 'Mexique'),
(115, 'Micronésie'),
(116, 'Moldavie'),
(117, 'Monaco'),
(118, 'Mongolie'),
(119, 'Monténégro'),
(120, 'Mozambique'),
(121, 'Namibie'),
(122, 'Nauru'),
(123, 'Népal'),
(124, 'Nicaragua'),
(125, 'Niger'),
(126, 'Nigeria'),
(127, 'Niue'),
(128, 'Norvège'),
(129, 'Nouvelle-Zélande'),
(130, 'Oman'),
(131, 'Ouganda'),
(132, 'Ouzbékistan'),
(133, 'Pakistan'),
(134, 'Palaos'),
(135, 'Palestine'),
(136, 'Panama'),
(137, 'Papouasie-Nouvelle-G'),
(138, 'Paraguay'),
(139, 'Pays-Bas'),
(140, 'Pérou'),
(141, 'Philippines'),
(142, 'Pologne'),
(143, 'Portugal'),
(144, 'Qatar'),
(145, 'République centrafri'),
(146, 'République démocrati'),
(147, 'République Dominicai'),
(148, 'République du Congo'),
(149, 'République tchèque'),
(150, 'Roumanie'),
(151, 'Royaume-Uni'),
(152, 'Russie'),
(153, 'Rwanda'),
(154, 'Saint-Kitts-et-Nevis'),
(155, 'Saint-Vincent-et-les'),
(156, 'Sainte-Lucie'),
(157, 'Saint-Marin'),
(158, 'Salomon'),
(159, 'Salvador'),
(160, 'Samoa'),
(161, 'São Tomé-et-Principe'),
(162, 'Sénégal'),
(163, 'Serbie'),
(164, 'Seychelles'),
(165, 'Sierra Leone'),
(166, 'Singapour'),
(167, 'Slovaquie'),
(168, 'Slovénie'),
(169, 'Somalie'),
(170, 'Soudan'),
(171, 'Soudan du Sud'),
(172, 'Sri Lanka'),
(173, 'Suède'),
(174, 'Suisse'),
(175, 'Suriname'),
(176, 'Syrie'),
(177, 'Tadjikistan'),
(178, 'Tanzanie'),
(179, 'Tchad'),
(180, 'Thaïlande'),
(181, 'Timor oriental'),
(182, 'Togo'),
(183, 'Tonga'),
(184, 'Trinité-et-Tobago'),
(185, 'Tunisie'),
(186, 'Turkménistan'),
(187, 'Turquie'),
(188, 'Tuvalu'),
(189, 'Ukraine'),
(190, 'Uruguay'),
(191, 'Vanuatu'),
(192, 'Vatican'),
(193, 'Venezuela'),
(194, 'Viêt Nam'),
(195, 'Yémen'),
(196, 'Zambie'),
(197, 'Zimbabwe');

-- --------------------------------------------------------

--
-- Structure de la table `plats`
--

DROP TABLE IF EXISTS `plats`;
CREATE TABLE IF NOT EXISTS `plats` (
  `IDPLAT` int(5) NOT NULL AUTO_INCREMENT,
  `IDCATEGORIEPLAT` int(5) NOT NULL,
  `NOMPLAT` char(100) NOT NULL,
  `NBPERSONNE` int(5) NOT NULL,
  PRIMARY KEY (`IDPLAT`),
  KEY `I_FK_PLATS_CATEGORIESPLATS` (`IDCATEGORIEPLAT`)
) ENGINE=InnoDB;

-- --------------------------------------------------------

--
-- Structure de la table `produits`
--

DROP TABLE IF EXISTS `produits`;
CREATE TABLE IF NOT EXISTS `produits` (
  `IDPRODUIT` int(5) NOT NULL AUTO_INCREMENT,
  `IDPAYS` int(5) NOT NULL,
  `IDMARQUE` int(5) DEFAULT NULL,
  `IDUNITE` int(5) NOT NULL,
  `IDTYPECONDITIONNEMENT` int(5) NOT NULL,
  `IDINGREDIENT` int(5) NOT NULL,
  `CODEBARRE` char(100) DEFAULT NULL,
  `QUANTITECONDITIONNEMENT` decimal(10,2) DEFAULT NULL,
  PRIMARY KEY (`IDPRODUIT`),
  KEY `I_FK_PRODUITS_PAYS` (`IDPAYS`),
  KEY `I_FK_PRODUITS_MARQUES` (`IDMARQUE`),
  KEY `I_FK_PRODUITS_UNITES` (`IDUNITE`),
  KEY `I_FK_PRODUITS_TYPESCONDITIONNEMENTS` (`IDTYPECONDITIONNEMENT`),
  KEY `I_FK_PRODUITS_INGREDIENTS` (`IDINGREDIENT`)
) ENGINE=InnoDB;

-- --------------------------------------------------------

--
-- Structure de la table `produitsachetes`
--

DROP TABLE IF EXISTS `produitsachetes`;
CREATE TABLE IF NOT EXISTS `produitsachetes` (
  `IDPRODUITACHETE` int(5) NOT NULL AUTO_INCREMENT,
  `IDTICKET` int(5) NOT NULL,
  `IDPRODUIT` int(5) NOT NULL,
  `DATEACHAT` date NOT NULL,
  `DATEPEREMPTION` date NOT NULL,
  `DATEOUVERTURE` date DEFAULT NULL,
  `RESTE` decimal(10,2) DEFAULT NULL,
  PRIMARY KEY (`IDPRODUITACHETE`),
  KEY `I_FK_PRODUITSACHETES_TICKETS` (`IDTICKET`),
  KEY `I_FK_PRODUITSACHETES_PRODUITS` (`IDPRODUIT`)
) ENGINE=InnoDB;

-- --------------------------------------------------------

--
-- Structure de la table `souscategoriesingredients`
--

DROP TABLE IF EXISTS `souscategoriesingredients`;
CREATE TABLE IF NOT EXISTS `souscategoriesingredients` (
  `IDSOUSCATEGORIEINGREDIENT` int(5) NOT NULL AUTO_INCREMENT,
  `IDCATEGORIEINGREDIENT` int(5) NOT NULL,
  `NOMSOUSCATEGORIEINGREDIENT` char(100) NOT NULL,
  PRIMARY KEY (`IDSOUSCATEGORIEINGREDIENT`),
  KEY `I_FK_SOUSCATEGORIESINGREDIENTS_CATEGORIESINGREDIENTS` (`IDCATEGORIEINGREDIENT`)
) ENGINE=InnoDB;

--
-- Déchargement des données de la table `souscategoriesingredients`
--

INSERT INTO `souscategoriesingredients` (`IDSOUSCATEGORIEINGREDIENT`, `IDCATEGORIEINGREDIENT`, `NOMSOUSCATEGORIEINGREDIENT`) VALUES
(1, 1, 'salades composées et crudités'),
(2, 1, 'soupes'),
(3, 1, 'plats composés'),
(4, 1, 'pizzas, tartes et crêpes salées'),
(5, 1, 'sandwichs'),
(6, 1, 'feuilletées et autres entrées'),
(7, 2, 'légumes'),
(8, 2, 'pommes de terre et autres tubercules'),
(9, 2, 'légumineuses'),
(10, 2, 'fruits'),
(11, 2, 'fruits à coque et graines oléagineuses'),
(12, 3, 'pâtes, riz et céréales'),
(13, 3, 'pains et viennoiseries'),
(14, 3, 'céréales de petit-déjeuner et biscuits'),
(15, 3, 'gâteaux et pâtisseries'),
(16, 3, 'farines et pâtes à tarte'),
(17, 4, 'viandes cuites'),
(18, 4, 'viandes crues'),
(19, 4, 'charcuteries'),
(20, 4, 'autres produits à base de viande'),
(21, 4, 'poissons cuits'),
(22, 4, 'poissons crus'),
(23, 4, 'mollusques et crustacés cuits'),
(24, 4, 'mollusques et crustacés crus'),
(25, 4, 'produits à base de poissons et produits de la mer'),
(26, 4, 'œufs'),
(27, 5, 'laits'),
(28, 5, 'produits laitiers frais et assimilés'),
(29, 5, 'fromages'),
(30, 5, 'crèmes et spécialités à base de crème'),
(31, 6, 'eaux'),
(32, 6, 'boissons sans alcool'),
(33, 6, 'boisson alcoolisées'),
(34, 7, 'sucres, miels et assimilés'),
(35, 7, 'chocolats et produits à base de chocolat'),
(36, 7, 'confiseries non chocolatées'),
(37, 7, 'confitures et assimilés'),
(38, 8, 'glaces'),
(39, 8, 'sorbets'),
(40, 8, 'desserts glacés'),
(41, 9, 'beurres'),
(42, 9, 'huiles et graisses végétales'),
(43, 9, 'margarines'),
(44, 9, 'huiles de poissons'),
(45, 9, 'autres matières grasses'),
(46, 10, 'sauces'),
(47, 10, 'condiments'),
(48, 10, 'aides culinaires'),
(49, 10, 'sels'),
(50, 10, 'épices'),
(51, 10, 'herbes'),
(52, 10, 'algues'),
(53, 10, 'denrées destinées à une alimentation particulière'),
(54, 10, 'ingrédients divers');

-- --------------------------------------------------------

--
-- Structure de la table `tickets`
--

DROP TABLE IF EXISTS `tickets`;
CREATE TABLE IF NOT EXISTS `tickets` (
  `IDTICKET` int(5) NOT NULL AUTO_INCREMENT,
  `IDCATEGORIETICKET` int(5) NOT NULL,
  `IDCOMMERCE` int(5) NOT NULL,
  `DATETICKET` date NOT NULL,
  `PIECEJOINTE` char(255) NOT NULL,
  PRIMARY KEY (`IDTICKET`),
  KEY `I_FK_TICKETS_CATEGORIESTICKETS` (`IDCATEGORIETICKET`),
  KEY `I_FK_TICKETS_COMMERCES` (`IDCOMMERCE`)
) ENGINE=InnoDB;

-- --------------------------------------------------------

--
-- Structure de la table `typesconditionnements`
--

DROP TABLE IF EXISTS `typesconditionnements`;
CREATE TABLE IF NOT EXISTS `typesconditionnements` (
  `IDTYPECONDITIONNEMENT` int(5) NOT NULL AUTO_INCREMENT,
  `TYPECONDITIONNEMENT` char(50) NOT NULL,
  PRIMARY KEY (`IDTYPECONDITIONNEMENT`)
) ENGINE=InnoDB;

--
-- Déchargement des données de la table `typesconditionnements`
--

INSERT INTO `typesconditionnements` (`IDTYPECONDITIONNEMENT`, `TYPECONDITIONNEMENT`) VALUES
(1, 'Vrac'),
(2, 'Sous vide'),
(3, 'Conserve verre'),
(4, 'Conserve aluminium'),
(5, 'Emballage plastique'),
(6, 'Emballage carton'),
(7, 'Verre');

-- --------------------------------------------------------

--
-- Structure de la table `unites`
--

DROP TABLE IF EXISTS `unites`;
CREATE TABLE IF NOT EXISTS `unites` (
  `IDUNITE` int(5) NOT NULL AUTO_INCREMENT,
  `UNITE` char(20) NOT NULL,
  PRIMARY KEY (`IDUNITE`)
) ENGINE=InnoDB;

--
-- Déchargement des données de la table `unites`
--

INSERT INTO `unites` (`IDUNITE`, `UNITE`) VALUES
(1, 'Pièce'),
(2, 'Litre'),
(3, 'Centilitre'),
(4, 'Kilogramme'),
(5, 'Gramme');

-- --------------------------------------------------------

--
-- Structure de la table `users`
--

DROP TABLE IF EXISTS `users`;
CREATE TABLE IF NOT EXISTS `users` (
  `IDUSER` int(5) NOT NULL AUTO_INCREMENT,
  `USERNAME` char(50) NOT NULL,
  `PASSWORD` char(255) NOT NULL,
  PRIMARY KEY (`IDUSER`)
) ENGINE=InnoDB;

--
-- Déchargement des données de la table `users`
--

INSERT INTO `users` (`IDUSER`, `USERNAME`, `PASSWORD`) VALUES
(0, 'user', '$2y$14$A4D.T9Jm8ZZhBGTWTPQH0e4bBf6ssGn6FQENXtQAwVMlxcBx6wIEe');

-- --------------------------------------------------------

--
-- Structure de la table `utilise`
--

DROP TABLE IF EXISTS `utilise`;
CREATE TABLE IF NOT EXISTS `utilise` (
  `IDINGREDIENT` int(5) NOT NULL,
  `IDPLAT` int(5) NOT NULL,
  `DOSE` decimal(10,2) DEFAULT NULL,
  PRIMARY KEY (`IDINGREDIENT`,`IDPLAT`),
  KEY `I_FK_UTILISE_INGREDIENTS` (`IDINGREDIENT`),
  KEY `I_FK_UTILISE_PLATS` (`IDPLAT`)
) ENGINE=InnoDB;

--
-- Contraintes pour les tables déchargées
--

--
-- Contraintes pour la table `besoin`
--
ALTER TABLE `besoin`
  ADD CONSTRAINT `besoin_ibfk_1` FOREIGN KEY (`IDPRODUITACHETE`) REFERENCES `produitsachetes` (`IDPRODUITACHETE`),
  ADD CONSTRAINT `besoin_ibfk_2` FOREIGN KEY (`IDPLAT`) REFERENCES `plats` (`IDPLAT`),
  ADD CONSTRAINT `besoin_ibfk_3` FOREIGN KEY (`DATEMENU`) REFERENCES `menus` (`DATEMENU`);

--
-- Contraintes pour la table `contient`
--
ALTER TABLE `contient`
  ADD CONSTRAINT `contient_ibfk_1` FOREIGN KEY (`DATEMENU`) REFERENCES `menus` (`DATEMENU`),
  ADD CONSTRAINT `contient_ibfk_2` FOREIGN KEY (`IDPLAT`) REFERENCES `plats` (`IDPLAT`);

--
-- Contraintes pour la table `ingredients`
--
ALTER TABLE `ingredients`
  ADD CONSTRAINT `ingredients_ibfk_1` FOREIGN KEY (`IDSOUSCATEGORIEINGREDIENT`) REFERENCES `souscategoriesingredients` (`IDSOUSCATEGORIEINGREDIENT`);

--
-- Contraintes pour la table `plats`
--
ALTER TABLE `plats`
  ADD CONSTRAINT `plats_ibfk_1` FOREIGN KEY (`IDCATEGORIEPLAT`) REFERENCES `categoriesplats` (`IDCATEGORIEPLAT`);

--
-- Contraintes pour la table `produits`
--
ALTER TABLE `produits`
  ADD CONSTRAINT `produits_ibfk_1` FOREIGN KEY (`IDPAYS`) REFERENCES `pays` (`IDPAYS`),
  ADD CONSTRAINT `produits_ibfk_2` FOREIGN KEY (`IDMARQUE`) REFERENCES `marques` (`IDMARQUE`),
  ADD CONSTRAINT `produits_ibfk_3` FOREIGN KEY (`IDUNITE`) REFERENCES `unites` (`IDUNITE`),
  ADD CONSTRAINT `produits_ibfk_4` FOREIGN KEY (`IDTYPECONDITIONNEMENT`) REFERENCES `typesconditionnements` (`IDTYPECONDITIONNEMENT`),
  ADD CONSTRAINT `produits_ibfk_5` FOREIGN KEY (`IDINGREDIENT`) REFERENCES `ingredients` (`IDINGREDIENT`);

--
-- Contraintes pour la table `produitsachetes`
--
ALTER TABLE `produitsachetes`
  ADD CONSTRAINT `produitsachetes_ibfk_1` FOREIGN KEY (`IDTICKET`) REFERENCES `tickets` (`IDTICKET`),
  ADD CONSTRAINT `produitsachetes_ibfk_2` FOREIGN KEY (`IDPRODUIT`) REFERENCES `produits` (`IDPRODUIT`);

--
-- Contraintes pour la table `souscategoriesingredients`
--
ALTER TABLE `souscategoriesingredients`
  ADD CONSTRAINT `souscategoriesingredients_ibfk_1` FOREIGN KEY (`IDCATEGORIEINGREDIENT`) REFERENCES `categoriesingredients` (`IDCATEGORIEINGREDIENT`);

--
-- Contraintes pour la table `tickets`
--
ALTER TABLE `tickets`
  ADD CONSTRAINT `tickets_ibfk_1` FOREIGN KEY (`IDCATEGORIETICKET`) REFERENCES `categoriestickets` (`IDCATEGORIETICKET`),
  ADD CONSTRAINT `tickets_ibfk_2` FOREIGN KEY (`IDCOMMERCE`) REFERENCES `commerces` (`IDCOMMERCE`);

--
-- Contraintes pour la table `utilise`
--
ALTER TABLE `utilise`
  ADD CONSTRAINT `utilise_ibfk_1` FOREIGN KEY (`IDINGREDIENT`) REFERENCES `ingredients` (`IDINGREDIENT`),
  ADD CONSTRAINT `utilise_ibfk_2` FOREIGN KEY (`IDPLAT`) REFERENCES `plats` (`IDPLAT`);
COMMIT;

/*!40101 SET CHARACTER_SET_CLIENT=@OLD_CHARACTER_SET_CLIENT */;
/*!40101 SET CHARACTER_SET_RESULTS=@OLD_CHARACTER_SET_RESULTS */;
/*!40101 SET COLLATION_CONNECTION=@OLD_COLLATION_CONNECTION */;
